domain,channel,lag,acf,acf_bartlett_bound,pacf,pacf_bound
ett_hourly,change,1,0.42807448029377027,0.010506509778280104,0.42808678163807,0.010506509778280104
ett_hourly,change,2,0.31306614027517676,0.012281815679210661,0.15895581164617933,0.010506509778280104
ett_hourly,change,3,0.20447131275354963,0.013133205883683524,0.02979415422066058,0.010506509778280108
ett_hourly,change,4,0.0675411106323075,0.013480033730809079,-0.08080151513672577,0.010506509778280104
ett_hourly,change,5,-0.03782884130321821,0.013517338283630914,-0.09932098660546454,0.010506509778280104
ett_hourly,change,6,-0.11395755171547442,0.01352901939661822,-0.09008830861554233,0.010506509778280104
ett_hourly,change,7,-0.17859991401677558,0.013634566435594464,-0.0942634808355697,0.010506509778280104
ett_hourly,change,8,-0.21324010591255554,0.01389041465301355,-0.08121582248645295,0.010506509778280104
ett_hourly,change,9,-0.21603015071538206,0.014247192232799688,-0.05782070911527872,0.010506509778280111
ett_hourly,change,10,-0.20541343085332328,0.014604306574474812,-0.05003575654367442,0.010506509778280111
ett_hourly,change,11,-0.1980215949071386,0.01491982697548877,-0.06622660804127678,0.010506509778280108
ett_hourly,change,12,-0.19910862188836687,0.015207180184364039,-0.09309468404417044,0.010506509778280104
ett_hourly,change,13,-0.19030363587361732,0.015492279604031378,-0.09479651373543073,0.010506509778280104
ett_hourly,change,14,-0.19552141369437423,0.01574821082140146,-0.11753776845694557,0.010506509778280111
ett_hourly,change,15,-0.19769547598612444,0.016013931773552453,-0.12791610908980866,0.010506509778280104
ett_hourly,change,16,-0.18240452094836612,0.016281112125025116,-0.11844359714088973,0.010506509778280104
ett_hourly,change,17,-0.15222116966179752,0.016505152448517052,-0.10391093513494765,0.010506509778280104
ett_hourly,change,18,-0.09178201472702514,0.01665940163451972,-0.06620133816865563,0.010506509778280108
ett_hourly,change,19,-0.009239795983646545,0.01671512623667796,-0.025668483924380002,0.010506509778280111
ett_hourly,change,20,0.07486050670481359,0.016715690036217725,-0.0021303009348857737,0.01050650977828011
ett_hourly,change,21,0.1895064932891696,0.016752657375213947,0.0650877694350502,0.010506509778280108
ett_hourly,change,22,0.2816870917858434,0.016987645624668257,0.09067137727369794,0.010506509778280104
ett_hourly,change,23,0.3552069091221168,0.017495655311512703,0.11649100050026251,0.010506509778280104
ett_hourly,change,24,0.42517575277379077,0.018274391284789082,0.1716710570464609,0.010506509778280104
ett_hourly,change,25,0.3542648076871541,0.019335552166524106,0.05168139105460703,0.010506509778280111
ett_hourly,change,26,0.2658525899362267,0.0200392473881576,0.0065725747235686575,0.010506509778280108
ett_hourly,change,27,0.17508513734227413,0.020424866623593746,-0.000165020692187039,0.01050650977828011
ett_hourly,change,28,0.06428000885413837,0.020589874820255344,-0.02006736377629086,0.010506509778280108
ett_hourly,change,29,-0.028407860293744314,0.020612015026026415,-0.018179190703871678,0.010506509778280108
ett_hourly,change,30,-0.09844916880219107,0.020616336461283122,-0.011820494653722702,0.010506509778280111
ett_hourly,change,31,-0.14718458522440642,0.02066816679175304,-0.004340018398781522,0.01050650977828011
ett_hourly,change,32,-0.1785636545290754,0.02078354641213262,-0.008055260342324918,0.01050650977828011
ett_hourly,change,33,-0.186136658863085,0.02095221133124414,-0.004205966984407644,0.01050650977828011
ett_hourly,change,34,-0.17754907991043983,0.021133960043591915,0.0035633308741647436,0.01050650977828011
ett_hourly,change,35,-0.17349080225697758,0.021297977819845326,-0.003524733990170551,0.01050650977828011
ett_hourly,change,36,-0.17515759389847632,0.02145341309820123,-0.014540634974691026,0.010506509778280111
ett_hourly,change,37,-0.16939629425852967,0.0216106988488948,-0.011468688369728999,0.010506509778280108
ett_hourly,change,38,-0.16925135205271927,0.021756778788737274,-0.015047119248329546,0.010506509778280108
ett_hourly,change,39,-0.17381689619250415,0.021901637045341066,-0.03039344476387567,0.010506509778280111
ett_hourly,change,40,-0.16461332639901027,0.02205338484906591,-0.03841298175491911,0.010506509778280111
ett_hourly,change,41,-0.1439596638293434,0.022188605263073147,-0.048028553444629876,0.010506509778280111
ett_hourly,change,42,-0.09399226572638802,0.022291469184327867,-0.03917619345293489,0.010506509778280111
ett_hourly,change,43,-0.017175103783311586,0.02233517476986737,-0.02075371988601598,0.010506509778280111
ett_hourly,change,44,0.06377279650463474,0.02233663261754644,-0.015780485398157847,0.010506509778280108
ett_hourly,change,45,0.1601928243825718,0.022356722384552552,0.005015271647264437,0.01050650977828011
ett_hourly,change,46,0.2444742996227856,0.022483070698551155,0.018789504647228512,0.010506509778280111
ett_hourly,change,47,0.32991527502933665,0.02277462597640867,0.06656630537595708,0.010506509778280108
ett_hourly,change,48,0.38067981153557695,0.023296211672401035,0.08975601269938367,0.010506509778280104
ett_hourly,change,49,0.31571132614646036,0.023973054398149896,0.0022181552119881656,0.01050650977828011
ett_hourly,change,50,0.2481701988522143,0.024427702212950833,-0.0022504717290210653,0.01050650977828011
ett_hourly,change,51,0.16631643163965593,0.024704447621020587,-0.0008860313554932231,0.01050650977828011
ett_hourly,change,52,0.0667077585201244,0.024827738161837032,-0.010129392320420205,0.010506509778280111
ett_hourly,change,53,-0.024204619620572347,0.024847515122035292,-0.01778211669593618,0.010506509778280108
ett_hourly,change,54,-0.08823099524591108,0.024850117724007262,-0.007308130504636289,0.01050650977828011
ett_hourly,change,55,-0.14406836736709772,0.02488467416319609,-0.01709184811426593,0.010506509778280111
ett_hourly,change,56,-0.16537425945380776,0.024976575334264645,-0.0036296011758918095,0.01050650977828011
ett_hourly,change,57,-0.1706644979654936,0.02509715465013443,-0.0021190499733611816,0.01050650977828011
ett_hourly,change,58,-0.1634900607516408,0.025224938101774508,0.0015340732308181176,0.01050650977828011
ett_hourly,change,59,-0.16106234439373412,0.025341636825394864,-0.006035354907351368,0.01050650977828011
ett_hourly,change,60,-0.15823605258685564,0.025454383898031507,-0.0066637878944499716,0.01050650977828011
ett_hourly,change,61,-0.1616420965603033,0.025562737129328578,-0.017265517622000844,0.010506509778280108
ett_hourly,change,62,-0.16316393766574028,0.025675317649159174,-0.015126710636462102,0.01050650977828011
ett_hourly,change,63,-0.16943250795689593,0.025789522528865655,-0.024965681349073954,0.010506509778280111
ett_hourly,change,64,-0.16334510188867898,0.025912107203698437,-0.02934663870217445,0.010506509778280108
ett_hourly,change,65,-0.1381621171953979,0.02602552390937854,-0.026007289605442876,0.010506509778280108
ett_hourly,change,66,-0.09102101922957223,0.026106363005460043,-0.02349786285181389,0.010506509778280111
ett_hourly,change,67,-0.019457852957579656,0.02614137064798072,-0.014018119094302972,0.01050650977828011
ett_hourly,change,68,0.060439242365309134,0.02614296934121831,-0.010972681578136969,0.01050650977828011
ett_hourly,change,69,0.15921452174581635,0.026158388901513674,0.010932660171222061,0.010506509778280111
ett_hourly,change,70,0.24650344468559612,0.02626514335633058,0.02498296729355918,0.010506509778280111
ett_hourly,change,71,0.32270461995271005,0.0265192915587657,0.048642637225983776,0.010506509778280111
ett_hourly,change,72,0.35777963013662767,0.026949281902119593,0.052986771693100204,0.010506509778280108
ett_hourly,change,73,0.3091166744053413,0.02746860362895137,0.007744025016992792,0.01050650977828011
ett_hourly,change,74,0.24364092253085948,0.02784995118977765,0.0012894328218485255,0.01050650977828011
ett_hourly,change,75,0.16562801341547886,0.028084249935985323,0.00456522202116515,0.01050650977828011
ett_hourly,change,76,0.058228912240767136,0.02819186928939162,-0.02108957993115389,0.010506509778280108
ett_hourly,change,77,-0.02188559014518349,0.028205142261955782,-0.007681901217009536,0.01050650977828011
ett_hourly,change,78,-0.08598443479122364,0.028207016784793135,-0.003975012226144965,0.01050650977828011
ett_hourly,change,79,-0.1349734969507804,0.028235935360194198,-0.004097654479039382,0.01050650977828011
ett_hourly,change,80,-0.15711276611601235,0.028307067367681404,0.0003184649232804199,0.01050650977828011
ett_hourly,change,81,-0.16359873097461364,0.0284031640654111,-0.002622344088198711,0.01050650977828011
ett_hourly,change,82,-0.16222180708710576,0.02850699266900822,-0.006423859489330901,0.01050650977828011
ett_hourly,change,83,-0.15537347630152334,0.02860871348914132,-0.0019901489698944523,0.01050650977828011
ett_hourly,change,84,-0.15280083023198618,0.02870171009127359,-0.003603926295172709,0.01050650977828011
ett_hourly,change,85,-0.15896070115697586,0.028791366803712193,-0.014713853530032156,0.010506509778280111
ett_hourly,change,86,-0.15964915685411854,0.02888808436867496,-0.009034644402693371,0.01050650977828011
ett_hourly,change,87,-0.16084488736639896,0.02898531457397968,-0.00910120225563568,0.01050650977828011
ett_hourly,change,88,-0.1664612448010139,0.029083674273164606,-0.03303204769778939,0.010506509778280111
ett_hourly,change,89,-0.12993686669772572,0.029188655303130084,-0.00747666146556367,0.010506509778280108
ett_hourly,change,90,-0.08949914898189953,0.02925243660682517,-0.021027311099073624,0.010506509778280111
ett_hourly,change,91,-0.02065357098621197,0.029282647843004737,-0.01349465516243558,0.010506509778280111
ett_hourly,change,92,0.06920802301290106,0.029284255839036835,0.004941002046167087,0.01050650977828011
ett_hourly,change,93,0.16178720112343284,0.029302305199338213,0.011238615016805816,0.01050650977828011
ett_hourly,change,94,0.24400330510876858,0.029400745874431963,0.016067290463978298,0.010506509778280111
ett_hourly,change,95,0.30868189775457683,0.029623439788181716,0.02365035066124663,0.010506509778280108
ett_hourly,change,96,0.36125817643789876,0.029976398718018493,0.0673567052863284,0.010506509778280108
ett_hourly,change,97,0.316653494195667,0.030453194749391788,0.023172168598975376,0.010506509778280111
ett_hourly,change,98,0.23936527945218736,0.030814508014580383,-0.007137891530765895,0.01050650977828011
ett_hourly,change,99,0.16613532986798982,0.03101907935954351,0.007168067496573069,0.01050650977828011
ett_hourly,change,100,0.06609184678913571,0.031117147074301046,-0.0040735969561210795,0.01050650977828011
ett_hourly,change,101,-0.01460241192731292,0.03113263898002671,0.0042146042017247014,0.01050650977828011
ett_hourly,change,102,-0.08906433069854916,0.03113339502028245,-0.012866182682149185,0.010506509778280108
ett_hourly,change,103,-0.13229210154745302,0.031161507686685352,0.0006547387477523022,0.01050650977828011
ett_hourly,change,104,-0.15972162171855078,0.031223442514157373,-0.003440327523317544,0.01050650977828011
ett_hourly,change,105,-0.15921434690389175,0.031313503705145074,0.0078023491509606035,0.01050650977828011
ett_hourly,change,106,-0.15856212988294344,0.03140273789984552,0.00032643066775282027,0.01050650977828011
ett_hourly,change,107,-0.161714532283936,0.03149099273723588,-0.012249341569755583,0.010506509778280108
ett_hourly,change,108,-0.1535980102956229,0.031582530004761716,-0.0009906363858615365,0.01050650977828011
ett_hourly,change,109,-0.1624392349865669,0.03166488223260283,-0.014790044643130803,0.01050650977828011
ett_hourly,change,110,-0.15801862055936988,0.03175673484097308,-0.0013489139428939606,0.01050650977828011
ett_hourly,change,111,-0.16359874348363404,0.03184341213546765,-0.011238904937569752,0.010506509778280111
ett_hourly,change,112,-0.16504812389814208,0.031936057982116156,-0.023339087974568924,0.010506509778280108
ett_hourly,change,113,-0.12783528176841746,0.03203007749663725,-0.0022365320450806274,0.01050650977828011
ett_hourly,change,114,-0.0819623916648675,0.0320863477795854,-0.007295521056863374,0.010506509778280111
ett_hourly,change,115,-0.01847952953086101,0.03210945084314969,-0.01207418511894394,0.010506509778280111
ett_hourly,change,116,0.06797600383573806,0.03211062481569775,-0.0010131445313644712,0.01050650977828011
ett_hourly,change,117,0.16084504969930324,0.032126505604174155,0.007473549058894344,0.010506509778280111
ett_hourly,change,118,0.24784411321582211,0.03221527622322974,0.01997036523907804,0.010506509778280111
ett_hourly,change,119,0.3121241220828859,0.03242507379166898,0.027017753200112207,0.010506509778280108
ett_hourly,change,120,0.3608233081586794,0.03275505286708069,0.05990853721374073,0.010506509778280108
ett_hourly,change,121,0.3113632015294494,0.03319091371910793,0.009149128720755057,0.01050650977828011
ett_hourly,change,122,0.2433510214357575,0.03351179033003214,0.001709652468862922,0.01050650977828011
ett_hourly,change,123,0.1640336741126367,0.033706293709435065,0.0028091455196694445,0.01050650977828011
ett_hourly,change,124,0.06420758976611449,0.03379429831018495,-0.006517103658894603,0.01050650977828011
ett_hourly,change,125,-0.027610655298236822,0.03380776186484024,-0.015222496823886817,0.01050650977828011
ett_hourly,change,126,-0.08866579690992914,0.03381025093970157,-0.0010560651144954395,0.01050650977828011
ett_hourly,change,127,-0.13019054993723475,0.03383590853981514,0.006403607828487801,0.010506509778280108
ett_hourly,change,128,-0.1545763670739847,0.033891159976924906,0.006337928857285496,0.010506509778280108
ett_hourly,change,129,-0.16113480928305995,0.033968895391001785,0.0009716429731320234,0.01050650977828011
ett_hourly,change,130,-0.15954048666322013,0.034053165951763914,-0.001013724180193723,0.01050650977828011
ett_hourly,change,131,-0.16269288489932643,0.034135575225292314,-0.011658639095846897,0.01050650977828011
ett_hourly,change,132,-0.15406906727144432,0.03422106287139934,0.0005637886000976689,0.01050650977828011
ett_hourly,change,133,-0.15787368252897754,0.03429754664363022,-0.0043081528464392685,0.01050650977828011
ett_hourly,change,134,-0.15928682426824864,0.03437767133430095,-0.004367478934365849,0.01050650977828011
ett_hourly,change,135,-0.16164206744152507,0.034459045489487056,-0.0059987050671414625,0.010506509778280108
ett_hourly,change,136,-0.16207688156621258,0.03454264351219122,-0.01750030480468578,0.010506509778280108
ett_hourly,change,137,-0.13149494650089966,0.0346264884317653,-0.010604860235964193,0.010506509778280111
ett_hourly,change,138,-0.07895489816304221,0.03468156683562448,-3.697042417509619e-05,0.01050650977828011
ett_hourly,change,139,-0.01699387713399407,0.03470140274911352,-0.010785468502945095,0.010506509778280111
ett_hourly,change,140,0.06413519570570593,0.034702321397056146,-0.008865885841361776,0.010506509778280111
ett_hourly,change,141,0.1568955297084464,0.034715403254371585,0.0016142497978940298,0.01050650977828011
ett_hourly,change,142,0.23469101093633385,0.0347935889098996,0.001431677704684812,0.01050650977828011
ett_hourly,change,143,0.30357281511259965,0.03496789963373714,0.018215271516265112,0.010506509778280111
ett_hourly,change,144,0.35509828050109166,0.03525761913812242,0.052121217110424445,0.010506509778280108
ett_hourly,change,145,0.3088630411281907,0.03565021871703722,0.009277485754978578,0.010506509778280108
ett_hourly,change,146,0.23650272395729696,0.03594438880318876,-0.007134406711764738,0.01050650977828011
ett_hourly,change,147,0.1614610446906765,0.03611575458478583,0.0021201283654229625,0.01050650977828011
ett_hourly,change,148,0.06051169468816782,0.036195348059773744,-0.011828335654777665,0.010506509778280111
ett_hourly,change,149,-0.014457503063092405,0.03620651349953751,0.00866264657965428,0.01050650977828011
ett_hourly,change,150,-0.08388282073069041,0.036207150754161824,-0.0022581685665995373,0.01050650977828011
ett_hourly,change,151,-0.13265446749837026,0.03622859644503168,-0.0071666947502290685,0.01050650977828011
ett_hourly,change,152,-0.15765627964085518,0.03628217465149177,-0.004456503355821656,0.01050650977828011
ett_hourly,change,153,-0.15939553613816912,0.0363577176622997,0.002491499359243404,0.01050650977828011
ett_hourly,change,154,-0.1546488111178154,0.03643477476104928,0.005300825169279551,0.010506509778280111
ett_hourly,change,155,-0.15787367837462316,0.036507162133670334,-0.006616070982307584,0.010506509778280111
ett_hourly,change,156,-0.14573511324271993,0.03658244753104589,0.009278844207973829,0.01050650977828011
ett_hourly,change,157,-0.15254719702425032,0.03664647888308445,-0.00414273255652689,0.01050650977828011
ett_hourly,change,158,-0.15454009092913315,0.03671650795866055,-0.0017943990951279358,0.01050650977828011
ett_hourly,change,159,-0.16497562991062314,0.036788240111838816,-0.014763654886397623,0.010506509778280111
ett_hourly,change,160,-0.15642428546832876,0.036869816836835496,-0.006759778545232462,0.01050650977828011
ett_hourly,change,161,-0.13229210157521892,0.03694300207695256,-0.010788398730459314,0.01050650977828011
ett_hourly,change,162,-0.0849698310576396,0.03699525920421269,-0.007914736510962203,0.01050650977828011
ett_hourly,change,163,-0.014131354992661702,0.03701679564747477,0.0012201920186131038,0.01050650977828011
ett_hourly,change,164,0.07424462824695749,0.03701739114811975,0.01347270301568162,0.01050650977828011
ett_hourly,change,165,0.15798258166702403,0.037033825205962566,0.004334883861826936,0.01050650977828011
ett_hourly,change,166,0.24179300410779211,0.037108144440446106,0.013889941897523671,0.01050650977828011
ett_hourly,change,167,0.3042612957870918,0.03728165304601727,0.015996343169471145,0.010506509778280108
ett_hourly,change,168,0.3486485709662617,0.03755475663720703,0.042319575400727706,0.010506509778280111
ett_hourly,change,169,0.3028119070423324,0.03791036864349062,0.005998176501103927,0.010506509778280108
ett_hourly,change,170,0.2400537226197245,0.038176431048746115,0.005324189460983986,0.01050650977828011
ett_hourly,change,171,0.16559179135382956,0.038342693367172,0.011336021557352628,0.010506509778280108
ett_hourly,change,172,0.06163497699220996,0.038421554959294946,-0.007091752077668445,0.01050650977828011
ett_hourly,change,173,-0.016522870164573548,0.0384324677243681,0.00522680662222521,0.01050650977828011
ett_hourly,change,174,-0.0835929571540326,0.03843325184921734,-0.0004964580664808204,0.01050650977828011
ett_hourly,change,175,-0.1313500459616644,0.0384533166953143,-0.0014514005127036482,0.01050650977828011
ett_hourly,change,176,-0.15356180497202906,0.038502812020232424,0.002829318553746434,0.01050650977828011
ett_hourly,change,177,-0.15327192888970192,0.03857035965071976,0.011815687557086136,0.010506509778280108
ett_hourly,change,178,-0.14533656695848374,0.03863753508288852,0.016910576725154256,0.010506509778280108
ett_hourly,change,179,-0.15203995137384815,0.038697835255996765,-0.002594250485720117,0.01050650977828011
ett_hourly,change,180,-0.1471482883120916,0.03876371868169379,0.0011779213979301443,0.01050650977828011
ett_hourly,change,181,-0.15359803115500092,0.038825329494559496,-0.004880521852855883,0.01050650977828011
ett_hourly,change,182,-0.15352555796989192,0.03889234856727916,0.004409591187053435,0.01050650977828011
ett_hourly,change,183,-0.15714901317033023,0.03895918928533162,0.002320810572369499,0.01050650977828011
ett_hourly,change,184,-0.15370673052260306,0.03902909953590364,-0.0030134918630331234,0.01050650977828011
ett_hourly,change,185,-0.12674825065724976,0.03909586361729503,-0.0010925943367865178,0.01050650977828011
ett_hourly,change,186,-0.0777229623180722,0.03914119702395828,0.0035409579350156543,0.01050650977828011
ett_hourly,change,187,-0.009094795549375301,0.03915822986291457,0.006261038109928092,0.01050650977828011
ett_hourly,change,188,0.06764990153788593,0.03915846303602971,-0.0030346451513014734,0.01050650977828011
ett_hourly,change,189,0.1618958629596652,0.03917136197877571,0.013957574176329063,0.010506509778280111
ett_hourly,change,190,0.2341837027791275,0.03924515425239862,0.004142525831675054,0.01050650977828011
ett_hourly,change,191,0.30042038353490347,0.039399109048291414,0.018893792705316607,0.010506509778280108
ett_hourly,change,192,0.3409305619416586,0.03965116811810232,0.03586938645212963,0.010506509778280111
ett_hourly,change,193,0.2944054464859518,0.039973446710304006,0.0011586874823249988,0.01050650977828011
ett_hourly,change,194,0.2307414076343479,0.04021208635480768,-0.0008131624900275063,0.01050650977828011
ett_hourly,change,195,0.1521125118430048,0.04035797594680182,-0.003002784623122938,0.01050650977828011
ett_hourly,change,196,0.059424630200463395,0.04042121382893483,-0.0001320275957942637,0.01050650977828011
ett_hourly,change,197,-0.022247951965682532,0.04043085630934622,-0.003429422525789166,0.01050650977828011
ett_hourly,change,198,-0.08949920317712277,0.040432207687260455,-0.006162192178871046,0.01050650977828011
ett_hourly,change,199,-0.13106018238500663,0.0404540707206155,0.001890284418753641,0.01050650977828011
ett_hourly,change,200,-0.14845274318895121,0.040500913739475675,0.008521272929488018,0.010506509778280111
ett_hourly,change,201,-0.15544599952223528,0.040560935244691954,-0.0004338638144864771,0.01050650977828011
ett_hourly,change,202,-0.14515539025333313,0.04062664297204682,0.009232722161829614,0.010506509778280108
ett_hourly,change,203,-0.14993834145522247,0.04068385227587207,-0.004594388623738059,0.01050650977828011
ett_hourly,change,204,-0.15095290358063546,0.040744805272820046,-0.008674773744591708,0.010506509778280108
ett_hourly,change,205,-0.15033691274026548,0.04080649303225742,-0.0013248582444041095,0.01050650977828011
ett_hourly,change,206,-0.1564967711705964,0.040867586382366206,-0.005753080214775711,0.01050650977828011
ett_hourly,change,207,-0.16193195188857143,0.04093368580090612,-0.01019870894372084,0.01050650977828011
ett_hourly,change,208,-0.1526559172392624,0.04100433814074919,-0.003134658548711626,0.01050650977828011
ett_hourly,change,209,-0.12765410926262116,0.04106702587431265,-0.006341288965212372,0.010506509778280108
ett_hourly,change,210,-0.07728813987558024,0.04111080447359784,-0.00048202825111972285,0.01050650977828011
ett_hourly,change,211,-0.008152689961973061,0.04112684069257222,0.0025209955655766257,0.01050650977828011
ett_hourly,change,212,0.06489608706951333,0.04112701909160729,-0.008389560137307765,0.01050650977828011
ett_hourly,change,213,0.15301841207713238,0.041138321397510245,-0.001737590040920526,0.01050650977828011
ett_hourly,change,214,0.23802456919458836,0.04120110214658679,0.014088895376352658,0.010506509778280108
ett_hourly,change,215,0.306181674834067,0.04135261653190292,0.027393836948409918,0.010506509778280111
ett_hourly,change,216,0.3485760477790603,0.041602112867514085,0.04548489192553836,0.010506509778280111
ett_hourly,change,217,0.2953475437435815,0.04192327439794974,-0.00031093811325708266,0.01050650977828011
ett_hourly,change,218,0.22639326638077056,0.042152331443668936,-0.00984074128389188,0.01050650977828011
ett_hourly,change,219,0.15247485693502283,0.04228634000758736,0.001802738302102676,0.01050650977828011
ett_hourly,change,220,0.06761363369312609,0.042346985984234045,0.01492910516294579,0.010506509778280108
ett_hourly,change,221,-0.0167765409142111,0.0423589011994506,0.0041995584342496605,0.01050650977828011
ett_hourly,change,222,-0.08620185441692287,0.04235963465421318,-0.0019113928519634458,0.01050650977828011
ett_hourly,change,223,-0.12852376250705838,0.04237899435843498,0.0037165881514055832,0.01050650977828011
ett_hourly,change,224,-0.14736569956014609,0.04242199875492547,0.007059570541456879,0.01050650977828011
ett_hourly,change,225,-0.15671419490134156,0.042478470299220306,-0.0014526848303628953,0.01050650977828011
ett_hourly,change,226,-0.14961222254330397,0.04254224359448872,0.005131063180243794,0.010506509778280108
ett_hourly,change,227,-0.15019196637962198,0.04260028454837955,8.076961236376905e-05,0.01050650977828011
ett_hourly,change,228,-0.148380240862564,0.04265869629644922,0.00309805667581156,0.01050650977828011
ett_hourly,change,229,-0.15022820505581636,0.04271563030811859,0.002356182290472274,0.01050650977828011
ett_hourly,change,230,-0.15059054183002996,0.04277391263671126,0.007436379254708791,0.01050650977828011
ett_hourly,change,231,-0.15493868307259673,0.04283239656717955,0.0030586779267577067,0.01050650977828011
ett_hourly,change,232,-0.16135219140515525,0.04289421969483706,-0.017907276492160912,0.010506509778280108
ett_hourly,change,233,-0.13211093738770574,0.04296116638717648,-0.008904098593131972,0.01050650977828011
ett_hourly,change,234,-0.08660038822277687,0.043005988459115005,-0.011246803460060064,0.01050650977828011
ett_hourly,change,235,-0.012428341370417746,0.043025234017561066,0.0049885588602569305,0.01050650977828011
ett_hourly,change,236,0.06790356807667985,0.04302563031206011,0.0035239511440966157,0.01050650977828011
ett_hourly,change,237,0.1599392243670644,0.04303745841773943,0.01100007819856073,0.010506509778280108
ett_hourly,change,238,0.22979935615791375,0.04310302003003713,-0.004619672447967391,0.01050650977828011
ett_hourly,change,239,0.3017248467089824,0.04323804905357176,0.018913701926167835,0.010506509778280111
ett_hourly,change,240,0.3435756936689422,0.043469847453533605,0.03677979370033645,0.010506509778280111
ett_hourly,change,241,0.30335539134403544,0.043768580979169136,0.014084733606205827,0.010506509778280108
ett_hourly,change,242,0.2314661144779289,0.04400005965924357,-0.0035913653177640026,0.01050650977828011
ett_hourly,change,243,0.14874272318183918,0.044134267127901416,-0.009945267594239353,0.010506509778280111
ett_hourly,change,244,0.06123638484922511,0.044189569080628543,0.0018656353552498222,0.01050650977828011
ett_hourly,change,245,-0.02420459055828334,0.044198935427458765,-0.005824260662037282,0.01050650977828011
ett_hourly,change,246,-0.08181745785154222,0.04420039859285564,0.007919895778897438,0.01050650977828011
ett_hourly,change,247,-0.1314949673779904,0.044217113370621786,-0.004602863660797136,0.01050650977828011
ett_hourly,change,248,-0.15069925369947168,0.04426025861990957,0.00046902279325213546,0.01050650977828011
ett_hourly,change,249,-0.15707651919190696,0.04431686267891971,-0.002235393032224253,0.01050650977828011
ett_hourly,change,250,-0.1491773917710395,0.04437827699916507,0.003771660680775685,0.01050650977828011
ett_hourly,change,251,-0.1497933701177082,0.04443359696702265,-0.00015225448836946945,0.01050650977828011
ett_hourly,change,252,-0.1478367107241336,0.044489305085390646,-0.0010305043541150515,0.01050650977828011
ett_hourly,change,253,-0.1521123787811126,0.04454350036456742,-0.005103430436796718,0.01050650977828011
ett_hourly,change,254,-0.15403279950040774,0.044600804036171615,-0.0010324645347559833,0.01050650977828011
ett_hourly,change,255,-0.16098982965311354,0.044659487406782744,-0.007263604744610109,0.01050650977828011
ett_hourly,change,256,-0.1579823694593676,0.04472350346556409,-0.006643456948534939,0.01050650977828011
ett_hourly,change,257,-0.12406687193644603,0.04478506360226192,0.00414279982508372,0.01050650977828011
ett_hourly,change,258,-0.08178120252250491,0.044822987377823434,-0.006850975192831452,0.01050650977828011
ett_hourly,change,259,-0.016160495948032642,0.04483945547234773,-0.007229778724556945,0.010506509778280108
ett_hourly,change,260,0.06895436886536178,0.04484009840112339,0.0023446350899787843,0.01050650977828011
ett_hourly,change,261,0.15896088841121897,0.04485180194219513,0.007452865856935864,0.01050650977828011
ett_hourly,change,262,0.23827822740360985,0.044913948464489345,0.009287123827387812,0.010506509778280111
ett_hourly,change,263,0.30226836018786785,0.045053274198989746,0.013589065250215183,0.010506509778280108
ett_hourly,change,264,0.34303218016707815,0.04527658051249506,0.03359213042204954,0.010506509778280111
ett_hourly,change,265,0.2986086621468275,0.04556256575089396,0.005890187643050145,0.01050650977828011
ett_hourly,change,266,0.22802383181823352,0.04577808577758133,-0.00510963940485315,0.01050650977828011
ett_hourly,change,267,0.15363437790281262,0.04590329210618635,0.0006717839414425244,0.01050650977828011
ett_hourly,change,268,0.06391772610903132,0.045960018040235834,0.005730309910106605,0.01050650977828011
ett_hourly,change,269,-0.019566581574651274,0.045969829486436575,0.002948790920620174,0.01050650977828011
ett_hourly,change,270,-0.08080290406786973,0.045970748812596475,0.0055664441390508804,0.01050650977828011
ett_hourly,change,271,-0.13482855483640593,0.04598642409096848,-0.011346493441361148,0.010506509778280111
ett_hourly,change,272,-0.15664171757336756,0.04603004002246969,-0.005495353778511846,0.01050650977828011
ett_hourly,change,273,-0.15573584648530545,0.04608884487086214,0.00492970523930147,0.01050650977828011
ett_hourly,change,274,-0.15475750637654181,0.04614689789655244,-0.003989078962658895,0.01050650977828011
ett_hourly,change,275,-0.14530029501059286,0.04620415225360058,0.010870134735581327,0.01050650977828011
ett_hourly,change,276,-0.1520399014416493,0.046254564037576246,-0.009797667292027329,0.010506509778280111
ett_hourly,change,277,-0.1621855643403334,0.0463096979420875,-0.018073163792616684,0.010506509778280111
ett_hourly,change,278,-0.16120723672622858,0.046372355819333105,-0.008079518123059874,0.01050650977828011
ett_hourly,change,279,-0.1636711875954434,0.046434177022501195,-0.006223119561096455,0.01050650977828011
ett_hourly,change,280,-0.15363424072342768,0.04649781643297815,0.0018657686089995531,0.01050650977828011
ett_hourly,change,281,-0.12461039376808258,0.04655381784346005,-0.0015852443369408623,0.01050650977828011
ett_hourly,change,282,-0.07406324766440175,0.04659062214113266,0.003171613226989501,0.01050650977828011
ett_hourly,change,283,-0.0146748893649144,0.04660361675477959,-0.012328058412341194,0.01050650977828011
ett_hourly,change,284,0.06957035552983493,0.046604126842197,-0.0026758476560947097,0.01050650977828011
ett_hourly,change,285,0.1605914538601714,0.046615589560030146,0.005315785573479806,0.01050650977828011
ett_hourly,change,286,0.23737237296312463,0.04667661998785401,0.002918732627711645,0.01050650977828011
ett_hourly,change,287,0.29614473625687693,0.046809683593750984,0.00278145307258685,0.01050650977828011
ett_hourly,change,288,0.34625705574169036,0.04701604715493218,0.03899091904558475,0.010506509778280111
ett_hourly,change,289,0.30165236516968613,0.0472967028047499,0.008537054299315673,0.01050650977828011
ett_hourly,change,290,0.22784266341987686,0.047508601248946625,-0.0068014586443400134,0.01050650977828011
ett_hourly,change,291,0.15261981576638897,0.04762906725921853,-0.003993121424486567,0.01050650977828011
ett_hourly,change,292,0.05830138948783702,0.04768302090535288,-0.005797593966185732,0.010506509778280111
ett_hourly,change,293,-0.020762316262828585,0.04769088910111793,0.0018557398228712923,0.01050650977828011
ett_hourly,change,294,-0.0872526510866759,0.04769188686684122,-0.005666055210155329,0.01050650977828011
ett_hourly,change,295,-0.1331980018821123,0.04770950457808778,-0.0029283578643291655,0.01050650977828011
ett_hourly,change,296,-0.15131524456329903,0.047750536393969534,0.006038953667442083,0.01050650977828011
ett_hourly,change,297,-0.16204064713293617,0.04780343735350212,-0.008962005089671135,0.01050650977828011
ett_hourly,change,298,-0.15794614329889572,0.04786403148820273,-0.006960909140835891,0.01050650977828011
ett_hourly,change,299,-0.14736565378230154,0.047921531102443744,0.006269106327146258,0.010506509778280111
ett_hourly,change,300,-0.15004700338384824,0.047971529064879885,-0.0035580552760900515,0.01050650977828011
ett_hourly,volatility,1,0.9535919585491984,0.01050650977828016,0.953619361404411,0.01050650977828016
ett_hourly,volatility,2,0.9142944614827566,0.017639285512127456,0.054708282791802246,0.010506509778280108
ett_hourly,volatility,3,0.8779806046089673,0.02226424363195678,0.018250113765378023,0.010506509778280111
ett_hourly,volatility,4,0.8445388499767041,0.025804646493901573,0.017788873625655843,0.010506509778280111
ett_hourly,volatility,5,0.8146663097805117,0.028693998750793592,0.027761862404298558,0.010506509778280111
ett_hourly,volatility,6,0.7874985648991542,0.03114271635350796,0.022270295686083262,0.010506509778280111
ett_hourly,volatility,7,0.7605019867024655,0.03326833849018562,-0.004034549639107941,0.01050650977828011
ett_hourly,volatility,8,0.7333900107966715,0.03513501995222812,-0.010361582843553263,0.010506509778280111
ett_hourly,volatility,9,0.706142472209947,0.03678607154549507,-0.012339690101222524,0.010506509778280111
ett_hourly,volatility,10,0.6793132009399493,0.03825311667534825,-0.007813447265231454,0.01050650977828011
ett_hourly,volatility,11,0.6529021969866787,0.03956236205091812,-0.008570691725533987,0.01050650977828011
ett_hourly,volatility,12,0.6274950345935529,0.04073440927541239,-0.0029257693442954337,0.01050650977828011
ett_hourly,volatility,13,0.6027013309316269,0.04178781720691005,-0.006035534891750709,0.01050650977828011
ett_hourly,volatility,14,0.5787403021451766,0.04273660486081854,-0.0032896062317412087,0.01050650977828011
ett_hourly,volatility,15,0.5553369631143626,0.04359315707844558,-0.005245330189850942,0.01050650977828011
ett_hourly,volatility,16,0.5318220861324212,0.0443672142552296,-0.012489930473490138,0.01050650977828011
ett_hourly,volatility,17,0.5088648989061157,0.04506542036895489,-0.006367784690302382,0.01050650977828011
ett_hourly,volatility,18,0.48562886680199246,0.045695294849807305,-0.01517904403546465,0.01050650977828011
ett_hourly,volatility,19,0.46328513830688683,0.04626149777292837,-0.003990112436901349,0.01050650977828011
ett_hourly,volatility,20,0.4433673602487981,0.046770840062981156,0.014272670229227404,0.01050650977828011
ett_hourly,volatility,21,0.43518895154684833,0.047232509411591406,0.12199580845663083,0.010506509778280104
ett_hourly,volatility,22,0.43155185459535433,0.04767307531880699,0.06748834368373079,0.010506509778280108
ett_hourly,volatility,23,0.42894648369178695,0.048102373169427115,0.02989869772043269,0.010506509778280108
ett_hourly,volatility,24,0.4236920864489483,0.0485227734448771,-0.013005376860345893,0.01050650977828011
ett_hourly,volatility,25,0.4132790589664761,0.04892945629486567,-0.04787984446599466,0.010506509778280111
ett_hourly,volatility,26,0.3989900876823333,0.04931328131179191,-0.04668124192317382,0.010506509778280111
ett_hourly,volatility,27,0.3853982285927354,0.04966835339208103,-0.0076226493556281255,0.01050650977828011
ett_hourly,volatility,28,0.3738179123814058,0.049997372052532185,0.008255310418293386,0.01050650977828011
ett_hourly,volatility,29,0.3650539294360382,0.0503049506831878,0.02026490956913354,0.010506509778280108
ett_hourly,volatility,30,0.3577399398553244,0.0505965345090858,0.012200370372943425,0.010506509778280108
ett_hourly,volatility,31,0.35112306246915576,0.05087497837669269,0.00822976082434444,0.01050650977828011
ett_hourly,volatility,32,0.3447292609852415,0.051141783466890245,0.006739574549938991,0.01050650977828011
ett_hourly,volatility,33,0.3388094957936179,0.051397649313687954,0.009328210350636187,0.010506509778280108
ett_hourly,volatility,34,0.3328060771386488,0.05164359939374202,0.0025416187667680096,0.01050650977828011
ett_hourly,volatility,35,0.32741997697285774,0.05187980537071446,0.007240482537853936,0.01050650977828011
ett_hourly,volatility,36,0.3225357975871392,0.052107408034524794,0.004982990139656481,0.01050650977828011
ett_hourly,volatility,37,0.31742854229916617,0.052327324537538744,-0.002166555585110673,0.01050650977828011
ett_hourly,volatility,38,0.3132933843255779,0.0525394539828925,0.009468493162282588,0.010506509778280108
ett_hourly,volatility,39,0.30977168508318936,0.052745272293796996,0.010831093208861737,0.010506509778280108
ett_hourly,volatility,40,0.3058596030118556,0.052945715994027365,0.005945832754573151,0.01050650977828011
ett_hourly,volatility,41,0.3017244450382674,0.05314040105211543,0.01841038236789406,0.010506509778280111
ett_hourly,volatility,42,0.2985652441370422,0.05332917514964253,0.028895975270606018,0.010506509778280108
ett_hourly,volatility,43,0.29565700362585334,0.05351337157719076,0.014369941831916956,0.010506509778280111
ett_hourly,volatility,44,0.29403144955262744,0.05369338343966956,0.010953494828819728,0.01050650977828011
ett_hourly,volatility,45,0.29511069079423635,0.05387082963801143,0.01721841181046759,0.010506509778280108
ett_hourly,volatility,46,0.2982254996439169,0.05404899185196449,0.01424705457066189,0.01050650977828011
ett_hourly,volatility,47,0.30181434478588814,0.054230330742110644,0.011233728066716157,0.01050650977828011
ett_hourly,volatility,48,0.3014157081750616,0.054415433925360426,-0.02899093328100494,0.010506509778280108
ett_hourly,volatility,49,0.2956632499101288,0.05459942341143585,-0.04741274695650354,0.010506509778280111
ett_hourly,volatility,50,0.2877636860859971,0.05477587370312827,-0.022925129734321606,0.010506509778280111
ett_hourly,volatility,51,0.28036604304193796,0.0549424984696822,0.001072656563796128,0.01050650977828011
ett_hourly,volatility,52,0.27444627785031434,0.055100200224424134,0.00975194258776737,0.01050650977828011
ett_hourly,volatility,53,0.2703947733400715,0.05525089041915471,0.015401316493208639,0.010506509778280111
ett_hourly,volatility,54,0.2673749948777554,0.05539677227328815,0.010606265053511598,0.010506509778280108
ett_hourly,volatility,55,0.26418790948874854,0.05553904338705462,0.002699447927080695,0.01050650977828011
ett_hourly,volatility,56,0.2605546722952328,0.05567759227905317,-5.4607965434675754e-05,0.01050650977828011
ett_hourly,volatility,57,0.25722816446731683,0.0558120266234563,0.0063476348959353715,0.01050650977828011
ett_hourly,volatility,58,0.2533997358593284,0.055942739363226926,-0.0005033356393067291,0.01050650977828011
ett_hourly,volatility,59,0.2503520729092305,0.05606929880475392,0.011535134791679428,0.01050650977828011
ett_hourly,volatility,60,0.24769865254605614,0.05619255736724729,0.00781432003589708,0.010506509778280108
ett_hourly,volatility,61,0.24629617437508466,0.056312955684605204,0.019728256739195513,0.010506509778280108
ett_hourly,volatility,62,0.24483792722854952,0.056431741925790146,0.010007372285322745,0.010506509778280111
ett_hourly,volatility,63,0.24329602661866906,0.05654888061464765,0.007347596939560412,0.01050650977828011
ett_hourly,volatility,64,0.24264642961780616,0.05666431094345756,0.0190094408706012,0.010506509778280108
ett_hourly,volatility,65,0.2412439514468347,0.056778892907219825,0.0043698606952999935,0.01050650977828011
ett_hourly,volatility,66,0.24037127854371737,0.05689192735230218,0.014176491745126772,0.010506509778280111
ett_hourly,volatility,67,0.23927552973834568,0.057003923781542704,0.0011939917071243668,0.01050650977828011
ett_hourly,volatility,68,0.23951823634650063,0.05711468482504818,0.00435045760316332,0.01050650977828011
ett_hourly,volatility,69,0.2427445831473084,0.05722545564810111,0.016875067341143135,0.010506509778280111
ett_hourly,volatility,70,0.24703054048382464,0.0573390079917855,0.006424375448469518,0.010506509778280108
ett_hourly,volatility,71,0.25114919089365023,0.05745636900014567,0.005295681569656918,0.01050650977828011
ett_hourly,volatility,72,0.2516707423796231,0.05757742464849869,-0.0221884334188794,0.010506509778280108
ett_hourly,volatility,73,0.24747981543047132,0.05769872803363163,-0.03592648837398309,0.010506509778280111
ett_hourly,volatility,74,0.239524482630776,0.05781578303016591,-0.038616936009864634,0.010506509778280111
ett_hourly,volatility,75,0.23148549636773533,0.0579252188555731,-0.011858365963016607,0.010506509778280111
ett_hourly,volatility,76,0.2253147707860755,0.05802724571560716,0.006661997639349119,0.01050650977828011
ett_hourly,volatility,77,0.22120749730026915,0.05812374039316129,0.013947911310485206,0.01050650977828011
ett_hourly,volatility,78,0.2187454085935891,0.05821659774553663,0.014964024860910132,0.01050650977828011
ett_hourly,volatility,79,0.21684100964254507,0.05830725654932799,0.012590022127529115,0.010506509778280108
ett_hourly,volatility,80,0.21504814864262833,0.05839620656553651,0.01128170754097952,0.010506509778280111
ett_hourly,volatility,81,0.2127572266206174,0.05848355980495218,0.005467952949564573,0.01050650977828011
ett_hourly,volatility,82,0.21057784254973372,0.058568935626910124,0.008290287321083532,0.010506509778280108
ett_hourly,volatility,83,0.20959749145346757,0.058652450807353776,0.018098408934757126,0.010506509778280108
ett_hourly,volatility,84,0.20872867830832859,0.05873507308307685,0.00862011137667812,0.01050650977828011
ett_hourly,volatility,85,0.20914255160115258,0.05881689718877002,0.018306172199709283,0.010506509778280108
ett_hourly,volatility,86,0.20972373182066742,0.058898931752539116,0.009162242385357558,0.01050650977828011
ett_hourly,volatility,87,0.2108904862836001,0.058981307824251566,0.013393801063944959,0.01050650977828011
ett_hourly,volatility,88,0.21136012855198769,0.05906448619176444,0.0015290376877495956,0.01050650977828011
ett_hourly,volatility,89,0.21157881043033905,0.05914791768445067,0.006583476385269481,0.010506509778280111
ett_hourly,volatility,90,0.21201670845296652,0.05923140402568397,0.008788987018108336,0.010506509778280108
ett_hourly,volatility,91,0.2125661444267212,0.05931511806393737,0.003239136204052603,0.01050650977828011
ett_hourly,volatility,92,0.2145376892773479,0.05939914764797738,0.005600705195168022,0.010506509778280108
ett_hourly,volatility,93,0.21885153110164599,0.0594846211634478,0.009245855487857313,0.01050650977828011
ett_hourly,volatility,94,0.22492209565619772,0.05957343636787579,0.00871679798555538,0.01050650977828011
ett_hourly,volatility,95,0.2314945809908219,0.05966710350417195,0.011779317002328324,0.01050650977828011
ett_hourly,volatility,96,0.23441419842602984,0.059766164633713856,-0.018023395574624398,0.010506509778280108
ett_hourly,volatility,97,0.2325694282085278,0.05986757003774798,-0.03125383532514377,0.010506509778280111
ett_hourly,volatility,98,0.22732275048164574,0.05996721819485372,-0.026876782900006096,0.010506509778280108
ett_hourly,volatility,99,0.22174145890138205,0.06006226659168587,-0.005923109618520729,0.01050650977828011
ett_hourly,volatility,100,0.216355358735591,0.06015256553756951,-0.0071723549145497716,0.010506509778280108
ett_hourly,volatility,101,0.21317213310456237,0.060238405265009703,0.012780116304912843,0.010506509778280108
ett_hourly,volatility,102,0.21208024405716902,0.06032162081013505,0.02051441164325716,0.010506509778280111
ett_hourly,volatility,103,0.2107373946197394,0.060403873170891256,0.0056668374113982576,0.01050650977828011
ett_hourly,volatility,104,0.20855801054885564,0.06048497747423513,-0.0016123700994262681,0.01050650977828011
ett_hourly,volatility,105,0.2070199696969535,0.060564307657132804,0.015859270938998856,0.010506509778280108
ett_hourly,volatility,106,0.20537039089392398,0.06064237059034645,0.007575191994101281,0.01050650977828011
ett_hourly,volatility,107,0.20385637477182528,0.0607190964522078,0.006272286965878323,0.01050650977828011
ett_hourly,volatility,108,0.20337794445563157,0.060794600510130734,0.011735823221351251,0.01050650977828011
ett_hourly,volatility,109,0.20457258340634604,0.0608696575839221,0.022089950824697068,0.010506509778280108
ett_hourly,volatility,110,0.20615760518600576,0.060945504939553724,0.013023751583808882,0.01050650977828011
ett_hourly,volatility,111,0.20726859067337483,0.061022435689124466,0.0021422869964334,0.01050650977828011
ett_hourly,volatility,112,0.20888149694081642,0.061100099395294705,0.013451047530574719,0.01050650977828011
ett_hourly,volatility,113,0.21037900549915234,0.06117887560599457,0.010905932082323228,0.010506509778280108
ett_hourly,volatility,114,0.21182074508192478,0.061258681886820876,0.008910251712832409,0.010506509778280108
ett_hourly,volatility,115,0.21345767607916982,0.06133947976545173,0.0064146624353211,0.010506509778280111
ett_hourly,volatility,116,0.21637729351437773,0.061421422493022626,0.005013039412476988,0.01050650977828011
ett_hourly,volatility,117,0.22007767660747618,0.0615055084097772,-0.0072557815363949035,0.010506509778280111
ett_hourly,volatility,118,0.2254511289674829,0.06159237411229211,0.004528939965972321,0.01050650977828011
ett_hourly,volatility,119,0.2302630318138751,0.0616834019061864,-0.002840165018805527,0.01050650977828011
ett_hourly,volatility,120,0.233290327442232,0.06177821392944077,-0.0032420585139075,0.01050650977828011
ett_hourly,volatility,121,0.23060130307531923,0.061875384251189866,-0.03864752405275634,0.010506509778280111
ett_hourly,volatility,122,0.2243748085180958,0.061970180246510104,-0.027812040673680205,0.010506509778280111
ett_hourly,volatility,123,0.21756273971745446,0.06205979272214221,-0.010638107930630624,0.01050650977828011
ett_hourly,volatility,124,0.2112247072091038,0.06214392862584461,-0.006834326578743621,0.010506509778280108
ett_hourly,volatility,125,0.20642032152875228,0.06222312968790106,0.005064774306240154,0.01050650977828011
ett_hourly,volatility,126,0.2031495826764,0.06229867481018769,0.009712064604569285,0.01050650977828011
ett_hourly,volatility,127,0.20054807153081092,0.06237175763691824,0.010134960485488963,0.010506509778280108
ett_hourly,volatility,128,0.1971936792151132,0.06244289836898724,0.00040202204443632293,0.01050650977828011
ett_hourly,volatility,129,0.193337366119343,0.06251160220891289,0.003854389789151214,0.01050650977828011
ett_hourly,volatility,130,0.18948105302357277,0.06257757407923882,0.004061243630852375,0.01050650977828011
ett_hourly,volatility,131,0.1862381986590023,0.06264087502408702,0.0073348774251853766,0.010506509778280111
ett_hourly,volatility,132,0.18332995814781342,0.06270196710531173,0.0035867852867541004,0.01050650977828011
ett_hourly,volatility,133,0.18153709714789662,0.0627611093603482,0.011305714734716728,0.01050650977828011
ett_hourly,volatility,134,0.17985577409910714,0.06281904645185227,0.003527750113651394,0.01050650977828011
ett_hourly,volatility,135,0.1785090649036992,0.06287586341444842,0.006714692271363982,0.01050650977828011
ett_hourly,volatility,136,0.17716235570829128,0.06293178254980838,0.00585194853346526,0.01050650977828011
ett_hourly,volatility,137,0.17581564651288337,0.06298681260607578,0.001891103379996966,0.01050650977828011
ett_hourly,volatility,138,0.1740227855129666,0.06304096226298372,-0.003061182695437335,0.01050650977828011
ett_hourly,volatility,139,0.17373954661124547,0.06309396811183904,0.013309283129534853,0.010506509778280111
ett_hourly,volatility,140,0.17423707336741495,0.0631467572801866,0.0009930218591759907,0.01050650977828011
ett_hourly,volatility,141,0.17752304890176457,0.0631998047458272,0.011596114413514458,0.01050650977828011
ett_hourly,volatility,142,0.1824820937030225,0.06325482488646214,0.0066239163261523765,0.010506509778280111
ett_hourly,volatility,143,0.18730171606537135,0.0633129099456761,0.0024272687015076595,0.01050650977828011
ett_hourly,volatility,144,0.18972327247848522,0.06337404616031292,-0.009446926705343268,0.010506509778280108
ett_hourly,volatility,145,0.187659286116707,0.06343671217097019,-0.02659704363604283,0.010506509778280111
ett_hourly,volatility,146,0.18283473546453033,0.06349796226785881,-0.015563948605979993,0.010506509778280108
ett_hourly,volatility,147,0.17778710891009922,0.06355604886950145,-0.0007037033203200951,0.01050650977828011
ett_hourly,volatility,148,0.17418947572032184,0.06361092369306781,0.00794138075412513,0.01050650977828011
ett_hourly,volatility,149,0.17187452896850738,0.06366355563917905,0.003234135036713166,0.01050650977828011
ett_hourly,volatility,150,0.17092592211800134,0.06371475617276062,0.009102682180197611,0.010506509778280108
ett_hourly,volatility,151,0.1706705677040621,0.0637653526605946,0.010795536078034275,0.010506509778280111
ett_hourly,volatility,152,0.17049886675346818,0.06381575814826104,0.009087530139591557,0.010506509778280111
ett_hourly,volatility,153,0.16949063116942023,0.06386602260536073,0.0006687731890276136,0.01050650977828011
ett_hourly,volatility,154,0.16862181802428128,0.06391565551554032,0.005331563568856074,0.010506509778280108
ett_hourly,volatility,155,0.16800396526917852,0.06396474296732349,0.004971964510601947,0.01050650977828011
ett_hourly,volatility,156,0.16772072636745747,0.06401343412251717,0.0009250559479721891,0.01050650977828011
ett_hourly,volatility,157,0.1685807514647903,0.06406192441711042,0.01113645259485074,0.010506509778280108
ett_hourly,volatility,158,0.1698629036368285,0.06411087603287041,0.00601877519839209,0.01050650977828011
ett_hourly,volatility,159,0.17153543863781193,0.06416053688216114,0.010820795316000102,0.010506509778280111
ett_hourly,volatility,160,0.17339930529528966,0.0642111409502085,0.009734328827570896,0.01050650977828011
ett_hourly,volatility,161,0.17370164063698643,0.06426280953443231,-0.007453815239353971,0.01050650977828011
ett_hourly,volatility,162,0.17428668061447955,0.06431461672555844,0.0063657274954859394,0.01050650977828011
ett_hourly,volatility,163,0.17436594005392192,0.06436673136398519,-0.007469154482682711,0.01050650977828011
ett_hourly,volatility,164,0.17631346017474508,0.06441885119488433,0.008948577774804577,0.010506509778280108
ett_hourly,volatility,165,0.18004944727158192,0.06447209823216496,0.0035375180483678314,0.01050650977828011
ett_hourly,volatility,166,0.1844825465629639,0.06452757892748626,-0.004465385728888262,0.01050650977828011
ett_hourly,volatility,167,0.18891564585434584,0.06458577401747906,0.003074435274536254,0.01050650977828011
ett_hourly,volatility,168,0.1902814514897294,0.06464674328598599,-0.01341668475794651,0.010506509778280111
ett_hourly,volatility,169,0.18690689420220646,0.06470853861917521,-0.02865204845094118,0.010506509778280111
ett_hourly,volatility,170,0.17993523799083094,0.0647681056757557,-0.026851455589735788,0.010506509778280108
ett_hourly,volatility,171,0.17207127817043769,0.06482326301428745,-0.011628405353430342,0.010506509778280111
ett_hourly,volatility,172,0.1652948133735348,0.06487366341843287,0.0010083805547732446,0.01050650977828011
ett_hourly,volatility,173,0.16063756964804893,0.06492013756634457,0.009743699973425278,0.01050650977828011
ett_hourly,volatility,174,0.1574341790451951,0.06496399922705873,0.008243233907460833,0.01050650977828011
ett_hourly,volatility,175,0.15581634448792575,0.06500610111075394,0.017971067587430944,0.010506509778280111
ett_hourly,volatility,176,0.15327832183385692,0.06504731572030586,-0.0015087207681346237,0.01050650977828011
ett_hourly,volatility,177,0.15015472493637025,0.06508717376546233,0.0005567125826297201,0.01050650977828011
ett_hourly,volatility,178,0.14728208842891977,0.06512540092358526,0.006657812987448262,0.01050650977828011
ett_hourly,volatility,179,0.14488348821375996,0.06516215824477567,0.006623241774186935,0.010506509778280108
ett_hourly,volatility,180,0.14273970814661463,0.06519770834368882,0.0011102678390220821,0.01050650977828011
ett_hourly,volatility,181,0.14218148412505383,0.06523219565743374,0.01068439901073081,0.010506509778280111
ett_hourly,volatility,182,0.14279440859032874,0.06526639574328094,0.012347930756352201,0.01050650977828011
ett_hourly,volatility,183,0.14323616637093456,0.06530087318379524,0.0012014639095294793,0.01050650977828011
ett_hourly,volatility,184,0.14384909083620945,0.0653355459143081,0.006975460667893455,0.010506509778280108
ett_hourly,volatility,185,0.14460143774039336,0.06537049738932543,0.0090090824236931,0.010506509778280108
ett_hourly,volatility,186,0.14429417410886877,0.06540579644851538,-0.00825796572542388,0.010506509778280111
ett_hourly,volatility,187,0.14462439393834736,0.06544092673377444,0.0024493197419056183,0.01050650977828011
ett_hourly,volatility,188,0.14593057084018904,0.06547619901722534,-0.0022371688204312593,0.01050650977828011
ett_hourly,volatility,189,0.14921654637453877,0.06551209179094972,0.0006523655765114854,0.01050650977828011
ett_hourly,volatility,190,0.1535900169323788,0.06554959816997605,-0.0034523951748612184,0.01050650977828011
ett_hourly,volatility,191,0.15807888519932434,0.06558931196046014,0.0016515997492530688,0.01050650977828011
ett_hourly,volatility,192,0.1610062221504889,0.0656313548370073,0.002339732786006241,0.01050650977828011
ett_hourly,volatility,193,0.15877492886201988,0.06567494080585023,-0.028131796556760593,0.010506509778280108
ett_hourly,volatility,194,0.1539224937220614,0.06571729935440151,-0.011885671537919036,0.010506509778280111
ett_hourly,volatility,195,0.1486796757531577,0.06575708349440337,0.0015761919836789048,0.01050650977828011
ett_hourly,volatility,196,0.14407820100323537,0.06579418188884492,-0.0005157791246089293,0.01050650977828011
ett_hourly,volatility,197,0.1417074852758574,0.0658290004725133,0.01202026084297877,0.01050650977828011
ett_hourly,volatility,198,0.1403684955964061,0.06586266513196412,0.004230685248947221,0.01050650977828011
ett_hourly,volatility,199,0.1399775785015361,0.06589567988807435,0.010873810180332398,0.01050650977828011
ett_hourly,volatility,200,0.14014435116230214,0.06592849461737235,0.013432238518922864,0.01050650977828011
ett_hourly,volatility,201,0.13975343406743218,0.06596137120253692,0.006140343685841894,0.01050650977828011
ett_hourly,volatility,202,0.13827888170705016,0.06599404839066192,-0.004169435386945106,0.01050650977828011
ett_hourly,volatility,203,0.13702740524892254,0.06602602398934171,0.0012638513578238299,0.01050650977828011
ett_hourly,volatility,204,0.1372259221554487,0.06605740836226853,0.013672674296429516,0.010506509778280111
ett_hourly,volatility,205,0.13734078559862947,0.06608886876784079,-0.0029477814942741034,0.01050650977828011
ett_hourly,volatility,206,0.13837197738063142,0.0661203668559813,0.004892967555930769,0.01050650977828011
ett_hourly,volatility,207,0.13940316916263334,0.06615232437369528,5.562126801370753e-05,0.01050650977828011
ett_hourly,volatility,208,0.14060166787132614,0.06618474420252676,0.004656303697187361,0.01050650977828011
ett_hourly,volatility,209,0.14168862862889173,0.06621770759120887,0.00458073787719076,0.01050650977828011
ett_hourly,volatility,210,0.14246886002085746,0.06625116583063528,-0.00014009621731205535,0.01050650977828011
ett_hourly,volatility,211,0.14380678116845927,0.06628497640176742,0.00408346034088389,0.01050650977828011
ett_hourly,volatility,212,0.14531200924275187,0.06631940725488064,-0.00784297440730569,0.01050650977828011
ett_hourly,volatility,213,0.14985664648526106,0.0663545442230618,0.015172987219546862,0.010506509778280108
ett_hourly,volatility,214,0.15590704606798758,0.0663918929737487,0.008284490561817055,0.01050650977828011
ett_hourly,volatility,215,0.1613439869195144,0.06643229482367624,-0.0002765447712509732,0.01050650977828011
ett_hourly,volatility,216,0.16443863079736978,0.0664755364412152,-0.004644808089988595,0.01050650977828011
ett_hourly,volatility,217,0.16206791506999177,0.06652042298752106,-0.031741087084570296,0.010506509778280111
ett_hourly,volatility,218,0.15718759544225147,0.06656399562134149,-0.011695493054527767,0.01050650977828011
ett_hourly,volatility,219,0.1523034160565329,0.0666049575586718,0.00478361788494887,0.01050650977828011
ett_hourly,volatility,220,0.1479490419386685,0.06664339056776578,0.003039329554056729,0.01050650977828011
ett_hourly,volatility,221,0.14546292850218498,0.06667963706806737,0.00903377030653979,0.010506509778280111
ett_hourly,volatility,222,0.14437103945479163,0.06671465692232006,0.00649134691278394,0.01050650977828011
ett_hourly,volatility,223,0.14344645733408906,0.06674913504738014,0.0017137250972739982,0.01050650977828011
ett_hourly,volatility,224,0.1418526475066232,0.066783155515802,-0.0011136144651431117,0.01050650977828011
ett_hourly,volatility,225,0.14037423538826288,0.06681640744046619,0.00637123672780002,0.01050650977828011
ett_hourly,volatility,226,0.13915064341791708,0.06684895383349085,0.007259911477394544,0.01050650977828011
ett_hourly,volatility,227,0.13867993261767997,0.06688091988072753,0.01091550729117841,0.010506509778280108
ett_hourly,volatility,228,0.13882654030662084,0.06691265491122522,0.004902368540796739,0.01050650977828011
ett_hourly,volatility,229,0.13916447965205603,0.0669444419838022,-0.001392120867336386,0.01050650977828011
ett_hourly,volatility,230,0.1394985592395129,0.06697636880381519,-0.003497666508611716,0.01050650977828011
ett_hourly,volatility,231,0.13980475433918801,0.06700843377377955,-0.0010907785939397246,0.01050650977828011
ett_hourly,volatility,232,0.14061287021893554,0.06704062422384643,0.006955221855757186,0.01050650977828011
ett_hourly,volatility,233,0.14083541185526519,0.06707317217262429,0.0014104657882766053,0.01050650977828011
ett_hourly,volatility,234,0.14105795349159486,0.06710580736562649,0.004938394851748894,0.01050650977828011
ett_hourly,volatility,235,0.141782415907997,0.06713852983848184,0.004205390090260084,0.01050650977828011
ett_hourly,volatility,236,0.14303668359225336,0.06717157310675032,-0.005396887153239225,0.01050650977828011
ett_hourly,volatility,237,0.14574094464116352,0.06720518690836033,-0.005344932944302475,0.01050650977828011
ett_hourly,volatility,238,0.1504807732981453,0.06724006595628729,0.00846957786904866,0.01050650977828011
ett_hourly,volatility,239,0.1559455986374539,0.06727723067341593,0.014556115023692365,0.010506509778280108
ett_hourly,volatility,240,0.15831524583298248,0.06731712088528624,-0.009413441099448836,0.010506509778280108
ett_hourly,volatility,241,0.15625125947120427,0.06735820787928556,-0.018322121502968233,0.010506509778280111
ett_hourly,volatility,242,0.15131517086790036,0.06739820645624445,-0.012879560007652661,0.010506509778280111
ett_hourly,volatility,243,0.14601658392343306,0.0674356962260578,-0.001240261785018821,0.01050650977828011
ett_hourly,volatility,244,0.14158241610020156,0.06747058768440964,0.001314746483740705,0.01050650977828011
ett_hourly,volatility,245,0.13937900729951436,0.06750337573311077,0.013444340674191712,0.010506509778280108
ett_hourly,volatility,246,0.1385419384001355,0.06753513599134414,0.009305557241848398,0.010506509778280108
ett_hourly,volatility,247,0.13737025564737507,0.0675665012476771,-0.0024584767127363984,0.01050650977828011
ett_hourly,volatility,248,0.13605915045570555,0.06759732403235758,0.003502277479224471,0.01050650977828011
ett_hourly,volatility,249,0.13477592975181787,0.06762754760959225,0.004957801801484878,0.01050650977828011
ett_hourly,volatility,250,0.13480327997367492,0.06765719065375209,0.018784563333119737,0.010506509778280111
ett_hourly,volatility,251,0.13528064175801907,0.06768683274022314,0.0065942194415776895,0.010506509778280111
ett_hourly,volatility,252,0.13620415534687214,0.06771667202008794,0.004739550151709021,0.01050650977828011
ett_hourly,volatility,253,0.1379324593234192,0.06774690668110184,0.006816564442048722,0.01050650977828011
ett_hourly,volatility,254,0.13910307354433019,0.06777789950141158,-0.006059121662689253,0.01050650977828011
ett_hourly,volatility,255,0.14127366956740772,0.06780940608806771,0.01197445960733999,0.010506509778280111
ett_hourly,volatility,256,0.14366734149273977,0.06784188828864163,0.006590719614029247,0.01050650977828011
ett_hourly,volatility,257,0.1458100530280355,0.06787546418885793,0.003148505344970538,0.01050650977828011
ett_hourly,volatility,258,0.1470604609543136,0.067910031729872,-0.004078930481561088,0.01050650977828011
ett_hourly,volatility,259,0.14811567746611906,0.0679451766440127,-0.0006003858948181512,0.01050650977828011
ett_hourly,volatility,260,0.15020262002585125,0.06798080916101229,0.001279911798485726,0.01050650977828011
ett_hourly,volatility,261,0.15429724570587322,0.0680174334037727,0.0029021112696664534,0.01050650977828011
ett_hourly,volatility,262,0.1599255182138944,0.06805606029403144,0.004237209269385365,0.01050650977828011
ett_hourly,volatility,263,0.1658326355997336,0.06809753213956837,0.0074422214394840635,0.01050650977828011
ett_hourly,volatility,264,0.16830996098841097,0.06814209607026298,-0.014536851420752226,0.01050650977828011
ett_hourly,volatility,265,0.16621423038087274,0.06818797094846504,-0.020743949575121216,0.010506509778280108
ett_hourly,volatility,266,0.16146947343406312,0.06823268079918102,-0.009568559003364204,0.01050650977828011
ett_hourly,volatility,267,0.15639010263387193,0.0682748476520135,-0.0008994142497239911,0.01050650977828011
ett_hourly,volatility,268,0.15312322353949787,0.06831437967277856,0.012606178657254285,0.010506509778280108
ett_hourly,volatility,269,0.15219864141879536,0.06835225588638602,0.019219768692212907,0.010506509778280108
ett_hourly,volatility,270,0.15208270944376506,0.06838965547621373,0.006900401045100661,0.01050650977828011
ett_hourly,volatility,271,0.1518552395176076,0.0684269777175662,0.003465576445823781,0.01050650977828011
ett_hourly,volatility,272,0.15282680256606762,0.06846416814221157,0.020985707388858754,0.010506509778280108
ett_hourly,volatility,273,0.1530733689322008,0.0685018153930037,0.0037827120369685603,0.01050650977828011
ett_hourly,volatility,274,0.15379783134860295,0.06853956344070603,0.007739112809548224,0.01050650977828011
ett_hourly,volatility,275,0.15418767991162347,0.06857764856549237,-0.0025280999896654405,0.01050650977828011
ett_hourly,volatility,276,0.15485637335246197,0.06861590571193815,0.0033154673268259525,0.01050650977828011
ett_hourly,volatility,277,0.1560548720611547,0.0686544738139851,0.0025244153719094758,0.01050650977828011
ett_hourly,volatility,278,0.1579745076941961,0.06869361905436025,0.005246542372921814,0.01050650977828011
ett_hourly,volatility,279,0.1606191400095643,0.0687337101429365,0.00995789023352837,0.010506509778280108
ett_hourly,volatility,280,0.16347912871123038,0.06877513022039217,0.005261669726057535,0.01050650977828011
ett_hourly,volatility,281,0.16617181048620563,0.06881801219478847,0.0071845391084794106,0.01050650977828011
ett_hourly,volatility,282,0.16869718533449005,0.06886229038129915,0.006338584964001108,0.01050650977828011
ett_hourly,volatility,283,0.1716408274995015,0.06890789484622978,0.01022370781744716,0.010506509778280108
ett_hourly,volatility,284,0.17547677327353067,0.0689550729530812,0.0017826506014545333,0.01050650977828011
ett_hourly,volatility,285,0.18171078499679488,0.06900434888514669,0.01056527493899199,0.01050650977828011
ett_hourly,volatility,286,0.188530370963477,0.06905714910873548,-0.0019275456410984106,0.01050650977828011
ett_hourly,volatility,287,0.19468072922339583,0.06911394179242933,-0.0030008968762186864,0.01050650977828011
ett_hourly,volatility,288,0.19740129548615284,0.06917444900402824,-0.01151155567229152,0.010506509778280111
ett_hourly,volatility,289,0.1947401556070219,0.0692366040165091,-0.02692860116992441,0.010506509778280111
ett_hourly,volatility,290,0.19007133260760112,0.06929704098859557,-0.002154085252492065,0.01050650977828011
ett_hourly,volatility,291,0.18403616970687198,0.06935456580829119,-0.011821802696330676,0.010506509778280108
ett_hourly,volatility,292,0.17880965695181514,0.06940845225764763,0.002134530732814109,0.01050650977828011
ett_hourly,volatility,293,0.176315823999375,0.0694592831250202,0.01788892666156035,0.010506509778280108
ett_hourly,volatility,294,0.17482583260707973,0.06950867037613062,0.006239392557038069,0.01050650977828011
ett_hourly,volatility,295,0.17361468609260255,0.0695571922550936,0.0032531212094137076,0.01050650977828011
ett_hourly,volatility,296,0.1737141105038701,0.069605011042219,0.019334973789859218,0.010506509778280111
ett_hourly,volatility,297,0.17325584515950163,0.06965285172859287,0.0035834831346185994,0.01050650977828011
ett_hourly,volatility,298,0.17246296596175142,0.06970040775868375,0.001308292814539734,0.01050650977828011
ett_hourly,volatility,299,0.17156240857085234,0.06974749753637813,-0.00016969619782787392,0.01050650977828011
ett_hourly,volatility,300,0.17149838581340734,0.06979406553996245,0.009756641520731212,0.010506509778280111
ett_15min,change,1,0.44691035513740607,0.005250992018094258,0.4469135629579842,0.005250992018094258
ett_15min,change,2,0.4070030803196307,0.006211854160160513,0.2590096331947215,0.005250992018094258
ett_15min,change,3,0.3855319639708045,0.006908120054916533,0.18082530620293233,0.0052509920180942304
ett_15min,change,4,0.3603716854777694,0.0074778819196735236,0.12310669195113591,0.0052509920180942304
ett_15min,change,5,0.3331343065387118,0.007942316005213612,0.0801625722531867,0.0052509920180942304
ett_15min,change,6,0.30867565384195045,0.008318676796195912,0.05342274605768952,0.0052509920180942304
ett_15min,change,7,0.28519382299828294,0.008628714567797402,0.03437833146868302,0.0052509920180942304
ett_15min,change,8,0.2628222600892075,0.008884820201994992,0.021137553472177856,0.0052509920180942304
ett_15min,change,9,0.23897090174995594,0.00909666193337419,0.008247289592587442,0.0052509920180942304
ett_15min,change,10,0.21759462247424566,0.00926814310200244,0.00195981691574334,0.005250992018094231
ett_15min,change,11,0.19072727666512407,0.009407948210126582,-0.011696402767551293,0.005250992018094232
ett_15min,change,12,0.16491262236758916,0.009513964667717839,-0.019236856569520955,0.0052509920180942304
ett_15min,change,13,0.1383396085746949,0.009592459504769196,-0.025998716448753355,0.0052509920180942304
ett_15min,change,14,0.11434565753620148,0.009647313196307891,-0.02709661549150997,0.0052509920180942304
ett_15min,change,15,0.08835064425496236,0.009684610461878101,-0.03159976796076221,0.0052509920180942304
ett_15min,change,16,0.06404423650953837,0.009706808906952288,-0.032484143517045476,0.0052509920180942304
ett_15min,change,17,0.03996459501567269,0.009718453007154614,-0.03364780511114508,0.0052509920180942304
ett_15min,change,18,0.018180179235996023,0.009722983393041649,-0.03189434484493457,0.0052509920180942304
ett_15min,change,19,-0.007331670606703894,0.00972392064975915,-0.03722169499927384,0.0052509920180942304
ett_15min,change,20,-0.025322603461744097,0.009724073070404562,-0.03022202508717546,0.0052509920180942304
ett_15min,change,21,-0.04217532289460938,0.009725891140460081,-0.025991335347751506,0.0052509920180942304
ett_15min,change,22,-0.06220457864250578,0.0097309326152452,-0.029196381434593677,0.005250992018094232
ett_15min,change,23,-0.08359982533283926,0.009741890544627124,-0.03403419605450337,0.0052509920180942304
ett_15min,change,24,-0.09563498999620024,0.009761651591991216,-0.024647107920409278,0.0052509920180942304
ett_15min,change,25,-0.10907357479689271,0.009787451580160825,-0.022929808079298942,0.0052509920180942304
ett_15min,change,26,-0.12602096275808997,0.009820910390147042,-0.02810742363243998,0.005250992018094232
ett_15min,change,27,-0.13773334428328887,0.009865397482912514,-0.024839743213926794,0.0052509920180942304
ett_15min,change,28,-0.14793798489072882,0.0099182765700295,-0.02261543944777753,0.0052509920180942304
ett_15min,change,29,-0.15524027397125387,0.009978933430194792,-0.018440450128047285,0.0052509920180942304
ett_15min,change,30,-0.16348145007562653,0.010045302473883105,-0.019050893360887004,0.0052509920180942304
ett_15min,change,31,-0.17011107011616453,0.010118396095035814,-0.018530425914962043,0.0052509920180942304
ett_15min,change,32,-0.17118256349297425,0.010196947452421529,-0.01179747691930856,0.005250992018094232
ett_15min,change,33,-0.17399905901511672,0.010275879604798838,-0.012025338300810477,0.0052509920180942304
ett_15min,change,34,-0.17268116378375745,0.010356798678881868,-0.007577693882574482,0.0052509920180942304
ett_15min,change,35,-0.17328812404708313,0.010435883317466671,-0.009487616119872542,0.005250992018094232
ett_15min,change,36,-0.1736109101806291,0.010514923794727155,-0.011366306588023165,0.0052509920180942304
ett_15min,change,37,-0.17226439528255105,0.010593665990233647,-0.011344063001527417,0.005250992018094232
ett_15min,change,38,-0.16470622064016477,0.010670623831511433,-0.003694008152012186,0.0052509920180942304
ett_15min,change,39,-0.16172833953970908,0.010740494253970417,-0.007229232707482856,0.0052509920180942304
ett_15min,change,40,-0.15972711174756327,0.01080743329104955,-0.01138847781667372,0.0052509920180942304
ett_15min,change,41,-0.15772655813455336,0.010872328924305175,-0.014884877005637818,0.0052509920180942304
ett_15min,change,42,-0.15663644042345617,0.01093523826669579,-0.019176995915558583,0.0052509920180942304
ett_15min,change,43,-0.15666506308555886,0.010996928552427121,-0.023614833740062128,0.0052509920180942304
ett_15min,change,44,-0.15342214381473052,0.011058297054542643,-0.021861502238742163,0.0052509920180942304
ett_15min,change,45,-0.14846250497572022,0.011116832999049198,-0.019012037815795295,0.0052509920180942304
ett_15min,change,46,-0.14671767437055533,0.011171367491339013,-0.022347205109268287,0.0052509920180942304
ett_15min,change,47,-0.1451906319439891,0.011224371922130133,-0.024553284910702845,0.0052509920180942304
ett_15min,change,48,-0.14875701452288317,0.011276037285288143,-0.0336017265303644,0.0052509920180942304
ett_15min,change,49,-0.14617761767429827,0.011330018521242685,-0.029833504640958058,0.005250992018094232
ett_15min,change,50,-0.14794192731920602,0.01138190098972336,-0.034152731761398325,0.0052509920180942304
ett_15min,change,51,-0.14489749172278524,0.011434799375211552,-0.029134304122774027,0.0052509920180942304
ett_15min,change,52,-0.14428139083248367,0.011485314064303226,-0.030080155877230983,0.005250992018094232
ett_15min,change,53,-0.14514441119322238,0.011535181688751145,-0.03264739203091254,0.0052509920180942304
ett_15min,change,54,-0.14925052236495728,0.011585429140764658,-0.0389658669810702,0.0052509920180942304
ett_15min,change,55,-0.14871926920610812,0.011638323824932767,-0.035854481601384255,0.0052509920180942304
ett_15min,change,56,-0.1503125350298393,0.01169060584788073,-0.037407956899436864,0.0052509920180942304
ett_15min,change,57,-0.1542860428439959,0.011743773765335197,-0.041575797390284004,0.0052509920180942304
ett_15min,change,58,-0.1563057384071808,0.011799530659513308,-0.041385775149911576,0.0052509920180942304
ett_15min,change,59,-0.15544289258199384,0.011856484232122266,-0.03775067173702282,0.0052509920180942304
ett_15min,change,60,-0.16089602728154268,0.011912542934862547,-0.04510201916370502,0.0052509920180942304
ett_15min,change,61,-0.15664716085654973,0.011972312587965772,-0.03545513572239028,0.0052509920180942304
ett_15min,change,62,-0.15626781555947,0.012028693010922104,-0.036479026018165446,0.0052509920180942304
ett_15min,change,63,-0.15370704903594032,0.012084539562256441,-0.03418023682542288,0.0052509920180942304
ett_15min,change,64,-0.15199998471523785,0.012138326244749281,-0.034660508458200054,0.0052509920180942304
ett_15min,change,65,-0.14943921819170813,0.012190695350328073,-0.03460180620811043,0.0052509920180942304
ett_15min,change,66,-0.14666066348957987,0.012241101841958008,-0.03514019662117154,0.0052509920180942304
ett_15min,change,67,-0.1378313349778724,0.012289455861391602,-0.02742540979668097,0.0052509920180942304
ett_15min,change,68,-0.13120205801767013,0.012332005395853142,-0.02684128549039415,0.0052509920180942304
ett_15min,change,69,-0.11978367740989833,0.012370433960635821,-0.020254690217269576,0.0052509920180942304
ett_15min,change,70,-0.10601300029928397,0.012402373802627778,-0.013777744578420653,0.0052509920180942304
ett_15min,change,71,-0.09552419155283205,0.012427334651065866,-0.0156317373024449,0.0052509920180942304
ett_15min,change,72,-0.07994263198005575,0.01244756382444663,-0.009711011436109225,0.005250992018094232
ett_15min,change,73,-0.06876151259985767,0.012461712262278352,-0.013767039342506305,0.005250992018094232
ett_15min,change,74,-0.04877968137928705,0.01247216942005995,-0.0032321258963259394,0.0052509920180942304
ett_15min,change,75,-0.03488605316318996,0.012477428709539308,-0.006622608864235133,0.0052509920180942304
ett_15min,change,76,-0.015103211251378774,0.012480117856261703,-5.7452826832322415e-05,0.005250992018094231
ett_15min,change,77,0.0037033144416904677,0.012480621813694703,0.0018743801883288104,0.005250992018094231
ett_15min,change,78,0.022727796858142323,0.012480652112614336,0.003707051412693736,0.005250992018094231
ett_15min,change,79,0.04164778994938271,0.01248179325611868,0.004528184006107292,0.005250992018094231
ett_15min,change,80,0.06694083435401232,0.012485624351877223,0.014902015799041582,0.005250992018094232
ett_15min,change,81,0.08862092336249369,0.012495516319568634,0.016434789596969254,0.0052509920180942304
ett_15min,change,82,0.10986425620028992,0.012512834417922156,0.017847075880984622,0.0052509920180942304
ett_15min,change,83,0.1334221192564663,0.012539403651169706,0.02278522198159775,0.0052509920180942304
ett_15min,change,84,0.15286371624984418,0.012578486411187972,0.02078409154108695,0.0052509920180942304
ett_15min,change,85,0.1700957779844053,0.012629605319237625,0.017905835424076543,0.0052509920180942304
ett_15min,change,86,0.19461098984470054,0.012692613656595186,0.02863182359240202,0.005250992018094232
ett_15min,change,87,0.20929210285722763,0.01277462342845756,0.022182791291598208,0.0052509920180942304
ett_15min,change,88,0.2303648975081992,0.012868821503356193,0.030242671879476747,0.0052509920180942304
ett_15min,change,89,0.24731227947862858,0.01298202777884136,0.03087179442290208,0.005250992018094232
ett_15min,change,90,0.26485730355447223,0.013111290934412934,0.034526643790559045,0.0052509920180942304
ett_15min,change,91,0.27646535830847585,0.01325799368969921,0.030432259971199208,0.0052509920180942304
ett_15min,change,92,0.2917248089222261,0.013416011457789978,0.03641588165970349,0.0052509920180942304
ett_15min,change,93,0.3066331938206634,0.01358979247291614,0.04241725557917066,0.0052509920180942304
ett_15min,change,94,0.31731218234769903,0.013779241152137633,0.04299883708096806,0.0052509920180942304
ett_15min,change,95,0.3297170370606603,0.013979268811833256,0.04962149023621757,0.0052509920180942304
ett_15min,change,96,0.3430702625047807,0.014192076785987273,0.05825627122360928,0.0052509920180942304
ett_15min,change,97,0.3316232562395222,0.014418930406599695,0.030166272580526954,0.0052509920180942304
ett_15min,change,98,0.3169334962528357,0.014627718932868128,0.011244074349740044,0.005250992018094232
ett_15min,change,99,0.2999202279748092,0.014815849150020655,-0.002177041406318405,0.005250992018094231
ett_15min,change,100,0.288236466116329,0.014982318646374337,-0.00041896587202483487,0.005250992018094231
ett_15min,change,101,0.27565175206324777,0.015134444234892686,0.0012679559034657426,0.005250992018094231
ett_15min,change,102,0.256580519298606,0.01527224925224735,-0.005498205869447492,0.0052509920180942304
ett_15min,change,103,0.24053391498722598,0.01539064793880024,-0.0034298274656236805,0.005250992018094231
ett_15min,change,104,0.22230622653896392,0.015493953416887557,-0.0045468087221183584,0.005250992018094231
ett_15min,change,105,0.20171726351489971,0.015581652763310083,-0.006979599922409979,0.005250992018094231
ett_15min,change,106,0.18576617045577143,0.015653490946327592,-0.0004552029389984303,0.005250992018094231
ett_15min,change,107,0.16350807494486716,0.015714159547020684,-0.004591547009902,0.005250992018094231
ett_15min,change,108,0.1435162483918652,0.015761000225748084,-0.002911662093110657,0.0052509920180942304
ett_15min,change,109,0.12219670281524049,0.01579699218518764,-0.0030077615883754515,0.005250992018094231
ett_15min,change,110,0.10092524995430964,0.01582303389310001,-0.003269507716718348,0.005250992018094231
ett_15min,change,111,0.07855301286609831,0.015840773714420442,-0.004668014522893787,0.005250992018094232
ett_15min,change,112,0.05839115376062362,0.015851510761566125,-0.0025832323656128256,0.005250992018094231
ett_15min,change,113,0.0351848560633442,0.015857440355436715,-0.006519478105462994,0.005250992018094231
ett_15min,change,114,0.016236068769833276,0.015859592798702905,-0.0037141685270393244,0.005250992018094231
ett_15min,change,115,-0.002257500572721262,0.01586005109481529,-0.0021476745313683426,0.005250992018094231
ett_15min,change,116,-0.02517945559543692,0.01586005995481589,-0.009339349826306393,0.005250992018094232
ett_15min,change,117,-0.03609503716167822,0.015861162142295333,0.0029983502600708888,0.0052509920180942304
ett_15min,change,118,-0.0548346772599822,0.015863426847583587,-0.002810041613372553,0.005250992018094231
ett_15min,change,119,-0.07094716188819146,0.015868652310455214,-0.003076250762887957,0.0052509920180942304
ett_15min,change,120,-0.0810574710568674,0.015877395967071384,0.003279923804535772,0.0052509920180942304
ett_15min,change,121,-0.09614622092977673,0.015888801972501115,-0.0022105766484140955,0.005250992018094231
ett_15min,change,122,-0.10738475417896408,0.015904835789689556,-0.0010649989422323262,0.005250992018094231
ett_15min,change,123,-0.11758973187597195,0.01592481443792377,-0.0007435189705463709,0.005250992018094231
ett_15min,change,124,-0.12608747371210943,0.01594873773568,-5.207750256500293e-05,0.005250992018094231
ett_15min,change,125,-0.13490749305205707,0.015976199380638136,-0.0023501718799272416,0.005250992018094231
ett_15min,change,126,-0.1389951424435207,0.01600757953539969,0.0016147065228590816,0.005250992018094231
ett_15min,change,127,-0.1453116315979922,0.016040822945844024,-0.001518216520710347,0.005250992018094231
ett_15min,change,128,-0.1503666191352382,0.016077077813024115,-0.003490580811939444,0.005250992018094231
ett_15min,change,129,-0.147284248709571,0.01611580854150438,0.005956512217397367,0.005250992018094231
ett_15min,change,130,-0.15128637619044638,0.016152880369314115,-0.0006255592896501777,0.005250992018094231
ett_15min,change,131,-0.15429322003795654,0.01619190224272693,-0.004079967644659206,0.005250992018094231
ett_15min,change,132,-0.15006399520672276,0.016232391133309848,0.0033175436930921775,0.005250992018094231
ett_15min,change,133,-0.14869901852837344,0.016270598087475274,0.0020550172727181004,0.005250992018094231
ett_15min,change,134,-0.14405251057542964,0.016308026049206753,0.005958059683291917,0.005250992018094231
ett_15min,change,135,-0.14244028332784303,0.016343073510441092,0.0028387846733576015,0.005250992018094231
ett_15min,change,136,-0.1389888910409437,0.016377268347384476,0.004406417912507506,0.0052509920180942304
ett_15min,change,137,-0.13689333181003388,0.016409759927802886,0.003178321382147685,0.005250992018094231
ett_15min,change,138,-0.13805999934952745,0.01644121777510795,-0.0023988277152867912,0.005250992018094231
ett_15min,change,139,-0.13410529639597782,0.016473152479154964,0.0014538745092598697,0.005250992018094231
ett_15min,change,140,-0.13420030500926167,0.016503227199511757,-0.0020375471249269696,0.005250992018094231
ett_15min,change,141,-0.13116585875450434,0.01653328972519704,0.00018225269608854037,0.005250992018094231
ett_15min,change,142,-0.13035076855544334,0.01656195715123824,-0.0015050923253043203,0.005250992018094231
ett_15min,change,143,-0.13036092943727473,0.016590220774763992,-0.002766498757680834,0.0052509920180942304
ett_15min,change,144,-0.1290432027506994,0.016618440724569666,-0.001490622300298789,0.005250992018094231
ett_15min,change,145,-0.12879696644554986,0.016646046639394563,-0.002071470711488594,0.005250992018094231
ett_15min,change,146,-0.1296982587251029,0.016673501855885425,-0.0036557222155469958,0.005250992018094231
ett_15min,change,147,-0.13083647514266167,0.01670129657895674,-0.005273527423410211,0.005250992018094231
ett_15min,change,148,-0.12822862717214203,0.016729533882176496,0.00010779137920907305,0.005250992018094231
ett_15min,change,149,-0.1275744229078101,0.016756611941362243,0.0008166985219287315,0.005250992018094231
ett_15min,change,150,-0.1310647672834275,0.016783371385909608,-0.004448247797835789,0.0052509920180942304
ett_15min,change,151,-0.13619579302395013,0.016811568895946788,-0.01029695992581914,0.005250992018094232
ett_15min,change,152,-0.1340809292888492,0.016841964405597966,-0.0030861006211980804,0.0052509920180942304
ett_15min,change,153,-0.1341000682436403,0.01687137101906338,-0.0022358119923439213,0.005250992018094231
ett_15min,change,154,-0.14043518772316707,0.01690073484004756,-0.01115949715709974,0.0052509920180942304
ett_15min,change,155,-0.14697894876354883,0.016932880044222443,-0.01792708534799247,0.0052509920180942304
ett_15min,change,156,-0.14135511332315917,0.016968020852469012,-0.004817200636744292,0.005250992018094232
ett_15min,change,157,-0.14189551909051984,0.01700045926875124,-0.0074944092551937,0.0052509920180942304
ett_15min,change,158,-0.1437351927595684,0.01703308369718079,-0.011673901222532505,0.005250992018094232
ett_15min,change,159,-0.14130702959361707,0.017066494732502158,-0.009137349175634345,0.005250992018094232
ett_15min,change,160,-0.14105995056454765,0.01709872441561997,-0.012183797606995889,0.005250992018094232
ett_15min,change,161,-0.13349161803571385,0.017130781169314296,-0.004057385919302076,0.0052509920180942304
ett_15min,change,162,-0.12984987742344678,0.017159439469443594,-0.006944723489504184,0.0052509920180942304
ett_15min,change,163,-0.12872115070396736,0.017186511464045318,-0.014009330469656724,0.0052509920180942304
ett_15min,change,164,-0.12027083339515562,0.017213073376298356,-0.009630188209356702,0.005250992018094232
ett_15min,change,165,-0.11165996724118273,0.017236228810197526,-0.008472297888676891,0.005250992018094232
ett_15min,change,166,-0.10078249503973957,0.01725616234880256,-0.0062963335562329255,0.0052509920180942304
ett_15min,change,167,-0.0925035586416724,0.01727238435728523,-0.010249334736229548,0.0052509920180942304
ett_15min,change,168,-0.07812659844225209,0.01728603885327175,-0.004987961206587142,0.0052509920180942304
ett_15min,change,169,-0.061587184431005075,0.017295772213798237,-9.600586545533287e-05,0.005250992018094231
ett_15min,change,170,-0.04889815558826404,0.017301817927295564,-0.0045602198007987415,0.005250992018094231
ett_15min,change,171,-0.03497607625023218,0.01730562795487725,-0.006068567538136425,0.0052509920180942304
ett_15min,change,172,-0.01883497794607197,0.01730757696041268,-0.005148628533717127,0.005250992018094232
ett_15min,change,173,-0.0029783908612594978,0.017308142118030983,-0.006464067306885083,0.005250992018094231
ett_15min,change,174,0.018208376822235136,0.017308156249765422,0.0002495555706639181,0.005250992018094231
ett_15min,change,175,0.03754599012475348,0.017308684412490692,0.0012869509868888697,0.005250992018094231
ett_15min,change,176,0.05591626528148953,0.017310929936016555,-0.00030862552295971593,0.005250992018094231
ett_15min,change,177,0.0726170708618176,0.01731590932637679,-0.003756284320624127,0.005250992018094231
ett_15min,change,178,0.09670568443787513,0.017324304111929062,0.005076098763567677,0.005250992018094232
ett_15min,change,179,0.11714307069897009,0.01733918210934484,0.006019899394759155,0.0052509920180942304
ett_15min,change,180,0.1317479769634365,0.017360990031632002,-0.0008346233570204514,0.005250992018094231
ett_15min,change,181,0.15005186616899144,0.017388535600253524,0.0010261547075302632,0.005250992018094231
ett_15min,change,182,0.1742356539077328,0.01742420184121543,0.01184793171032106,0.005250992018094232
ett_15min,change,183,0.19228314592630683,0.01747217589545888,0.011610933689452768,0.005250992018094232
ett_15min,change,184,0.20610073593912717,0.017530425747215667,0.006761470382559517,0.0052509920180942304
ett_15min,change,185,0.22117949047960522,0.01759711012620027,0.007603361640404281,0.0052509920180942304
ett_15min,change,186,0.24075385937534544,0.01767359723567731,0.016548791151485956,0.0052509920180942304
ett_15min,change,187,0.25454316681101496,0.017763795351923642,0.01649535661151139,0.0052509920180942304
ett_15min,change,188,0.26835177875087574,0.017864082583331997,0.01940222623601631,0.0052509920180942304
ett_15min,change,189,0.2820560699103089,0.017974889310081177,0.02365938608118233,0.0052509920180942304
ett_15min,change,190,0.28948214682946877,0.018096513672919035,0.02004435385921158,0.0052509920180942304
ett_15min,change,191,0.3056425496378201,0.018223748880326407,0.03482899512173604,0.0052509920180942304
ett_15min,change,192,0.3143297910846377,0.018364547420570754,0.037004940411016735,0.0052509920180942304
ett_15min,change,193,0.30039839059331047,0.0185122982860369,0.00938680936701033,0.005250992018094232
ett_15min,change,194,0.29321905261826803,0.018646219547780063,0.006108324679032462,0.005250992018094232
ett_15min,change,195,0.27910746168802053,0.018772927304738063,-0.004063316441099067,0.005250992018094231
ett_15min,change,196,0.2668446880491814,0.01888699854029917,-0.0053117829232637685,0.0052509920180942304
ett_15min,change,197,0.25281845048473817,0.01899066699643087,-0.006562729108399961,0.005250992018094232
ett_15min,change,198,0.24116297120340882,0.01908324392177066,-0.0017710226364640814,0.005250992018094231
ett_15min,change,199,0.2241207461690957,0.0191670930782272,-0.005186508205400186,0.0052509920180942304
ett_15min,change,200,0.20834967500410367,0.01923921615690455,-0.003780370835463025,0.005250992018094232
ett_15min,change,201,0.1920761358963814,0.019301328872127432,-0.0020058399887251622,0.005250992018094231
ett_15min,change,202,0.17682666863352683,0.01935396095999123,0.002080536043329772,0.005250992018094231
ett_15min,change,203,0.1535439956434028,0.01939845577957039,-0.006856966051461009,0.005250992018094231
ett_15min,change,204,0.13762067952707344,0.019431937410104877,0.00030412577676396145,0.005250992018094231
ett_15min,change,205,0.11816010912830456,0.01945879295746862,0.0003541140750642766,0.005250992018094231
ett_15min,change,206,0.09590167652783232,0.019478566659271945,-0.0038679044486383336,0.005250992018094231
ett_15min,change,207,0.0750939140564656,0.019491581326132403,-0.004298911619391909,0.005250992018094231
ett_15min,change,208,0.05592700149478806,0.019499556796070266,-0.0024759717118618017,0.005250992018094231
ett_15min,change,209,0.036542469299295915,0.01950397913274203,-0.0017753644449521964,0.005250992018094231
ett_15min,change,210,0.014275058625864,0.019505866838314852,-0.006781974351978403,0.005250992018094232
ett_15min,change,211,-0.00031054912517909314,0.019506154889758084,0.0009393298147552886,0.005250992018094231
ett_15min,change,212,-0.01924020045928284,0.019506155026081877,-0.002760778866845393,0.005250992018094231
ett_15min,change,213,-0.038264857411286476,0.01950667829435672,-0.006513255393668901,0.005250992018094231
ett_15min,change,214,-0.05285113934146547,0.01950874784737039,-0.002977891924035243,0.005250992018094231
ett_15min,change,215,-0.06543619048411475,0.019512695310596476,-7.221436176336981e-06,0.005250992018094231
ett_15min,change,216,-0.0780114208298845,0.01951874501493174,0.0002780586440648919,0.005250992018094231
ett_15min,change,217,-0.0898183023386314,0.019527340127929255,0.0005377941360669773,0.005250992018094231
ett_15min,change,218,-0.09882749019045892,0.01953872800297396,0.003082210063376969,0.005250992018094231
ett_15min,change,219,-0.11223678114529677,0.01955250608808711,-0.003718440493317291,0.005250992018094231
ett_15min,change,220,-0.12273491104504408,0.019570262431585585,-0.006056988354259216,0.005250992018094231
ett_15min,change,221,-0.12973405858116618,0.019591474693868953,-0.004199516222722346,0.005250992018094232
ett_15min,change,222,-0.13436261637895852,0.019615148129320886,-0.0014108592229976698,0.005250992018094231
ett_15min,change,223,-0.13525442495119988,0.019640509187027172,0.004054546416061496,0.005250992018094231
ett_15min,change,224,-0.14033786361038061,0.01966617465993259,-0.00042994848869324726,0.005250992018094231
ett_15min,change,225,-0.14194078168620738,0.019693768235129354,-3.51957330132531e-05,0.005250992018094231
ett_15min,change,226,-0.14018629882894695,0.01972195580193476,0.0037330569884717734,0.005250992018094232
ett_15min,change,227,-0.13710426549284768,0.019749412080613288,0.007289462990754231,0.005250992018094231
ett_15min,change,228,-0.14016784303944346,0.019775638693643842,-0.0008067755400224264,0.005250992018094231
ett_15min,change,229,-0.13929585059651295,0.01980301333849832,-0.0014876271034396818,0.005250992018094231
ett_15min,change,230,-0.13332128653037842,0.019830011354685234,0.004600340714669464,0.0052509920180942304
ett_15min,change,231,-0.13142488515301204,0.01985471086589847,0.002746042477517919,0.005250992018094231
ett_15min,change,232,-0.13287606391185336,0.019878683306907702,-0.003678869051772067,0.0052509920180942304
ett_15min,change,233,-0.13314194780152974,0.01990315823015218,-0.006021202178641515,0.0052509920180942304
ett_15min,change,234,-0.13100811665180565,0.019927700959021057,-0.0034593791306678314,0.005250992018094231
ett_15min,change,235,-0.1254032486260392,0.0199514345461706,0.003196224042483527,0.005250992018094231
ett_15min,change,236,-0.12532755050771435,0.019973156046292156,-0.0010898499059258473,0.005250992018094231
ett_15min,change,237,-0.1259727826898544,0.01999482777593487,-0.004659666360908634,0.005250992018094232
ett_15min,change,238,-0.1282493810743721,0.020016699399853566,-0.00932395902117561,0.0052509920180942304
ett_15min,change,239,-0.12023581993624548,0.020039343508195265,0.0040884130695573815,0.005250992018094232
ett_15min,change,240,-0.12081500325677234,0.020059225119572595,-0.00012146733375804482,0.005250992018094231
ett_15min,change,241,-0.12223823652803081,0.020079278762200163,-0.0030615471370039216,0.005250992018094232
ett_15min,change,242,-0.1207494660202789,0.020099786937925183,-0.0004643919452935901,0.005250992018094231
ett_15min,change,243,-0.12338593964828509,0.0201197784561098,-0.0051670074628127685,0.0052509920180942304
ett_15min,change,244,-0.12098707032818841,0.020140631327588907,0.00017450280377512132,0.005250992018094231
ett_15min,change,245,-0.12667696062095904,0.020160660899224553,-0.008453855247361908,0.0052509920180942304
ett_15min,change,246,-0.12871629777790297,0.020182595868329496,-0.0073002108102263406,0.005250992018094232
ett_15min,change,247,-0.12498920379983156,0.020205217787574503,0.002030135888096251,0.005250992018094231
ett_15min,change,248,-0.13029026209282693,0.020226525422574894,-0.005407018454929558,0.005250992018094231
ett_15min,change,249,-0.12946484546253448,0.02024965337161303,-0.0011035878339382052,0.005250992018094231
ett_15min,change,250,-0.13362769033335492,0.020272463320053058,-0.006105825105837111,0.005250992018094231
ett_15min,change,251,-0.13328594277595357,0.020296735523545995,-0.0025142303365851305,0.005250992018094231
ett_15min,change,252,-0.13407292493341558,0.020320854965294864,-0.0033467822976109007,0.0052509920180942304
ett_15min,change,253,-0.13501147786307904,0.020345230968928825,-0.004910015213857776,0.005250992018094231
ett_15min,change,254,-0.13968711710786133,0.020369919659034785,-0.012428195439186603,0.0052509920180942304
ett_15min,change,255,-0.13665199667396816,0.020396314850840508,-0.006864064871768906,0.005250992018094231
ett_15min,change,256,-0.1393074377165976,0.020421543526926517,-0.01382093922382231,0.005250992018094232
ett_15min,change,257,-0.1330673298457385,0.02044772924035032,-0.0058297394720575905,0.005250992018094231
ett_15min,change,258,-0.12953905663164256,0.02047159235740966,-0.006459933128903458,0.0052509920180942304
ett_15min,change,259,-0.12379159590663427,0.0204941811497186,-0.005025103355785557,0.0052509920180942304
ett_15min,change,260,-0.12032039348119185,0.020514788216609993,-0.00964060673880874,0.0052509920180942304
ett_15min,change,261,-0.10983107910038802,0.020534236816974825,-0.004239132988678447,0.005250992018094231
ett_15min,change,262,-0.09953127032103207,0.020550428181969727,-0.0030901067756397746,0.005250992018094231
ett_15min,change,263,-0.0902941423949262,0.020563715598691912,-0.005372102847675388,0.0052509920180942304
ett_15min,change,264,-0.07764271129186356,0.020574644711010448,-0.0033137730293817634,0.0052509920180942304
ett_15min,change,265,-0.0636163111734042,0.020582722016649003,-0.0017833745229862191,0.005250992018094231
ett_15min,change,266,-0.0542745253773029,0.020588142770511575,-0.008738498086524412,0.005250992018094232
ett_15min,change,267,-0.03723247487854153,0.020592087488948127,-0.0027857577710744394,0.005250992018094231
ett_15min,change,268,-0.01787623125096796,0.02059394361120799,0.00224781791118944,0.005250992018094231
ett_15min,change,269,-0.0014601054347716169,0.02059437146029934,0.0003198859935909853,0.005250992018094231
ett_15min,change,270,0.013182398569373229,0.02059437431461881,-0.004211924208255502,0.0052509920180942304
ett_15min,change,271,0.03273746296092225,0.02059460697398348,-0.0008843623333414167,0.005250992018094231
ett_15min,change,272,0.05547007493620624,0.02059604181611193,0.005454918909933177,0.0052509920180942304
ett_15min,change,273,0.07291094677640639,0.020600160638202216,0.0017386920341970822,0.005250992018094231
ett_15min,change,274,0.0906641067787531,0.020607274781368354,-0.0002940859430071745,0.005250992018094231
ett_15min,change,275,0.11100648742194814,0.020618270334450274,0.002746536331706404,0.005250992018094231
ett_15min,change,276,0.12921553955438717,0.020634742616113505,0.002259651383929863,0.005250992018094231
ett_15min,change,277,0.1497101651489196,0.020657041265403298,0.006737367089023066,0.005250992018094232
ett_15min,change,278,0.16890535429698011,0.020686936573366455,0.00742549124766967,0.005250992018094231
ett_15min,change,279,0.1892001478588333,0.020724927052474612,0.011374551004114098,0.0052509920180942304
ett_15min,change,280,0.2067451719346769,0.020772497201719753,0.012018013294985525,0.005250992018094232
ett_15min,change,281,0.21957696202144375,0.02082915671869759,0.0067662931817550455,0.005250992018094231
ett_15min,change,282,0.23320504643281628,0.02089288331464259,0.005954956211823495,0.005250992018094232
ett_15min,change,283,0.24998205876120494,0.020964533312085365,0.013417242663473087,0.005250992018094232
ett_15min,change,284,0.26156216802762583,0.021046562117499293,0.012613589268419323,0.0052509920180942304
ett_15min,change,285,0.2754087147967329,0.021136001665752635,0.0179307598428246,0.0052509920180942304
ett_15min,change,286,0.2830430961871799,0.021234720995445933,0.015014811572717036,0.0052509920180942304
ett_15min,change,287,0.29187242469888725,0.02133849328620757,0.019064425399388362,0.0052509920180942304
ett_15min,change,288,0.3011004060072494,0.0214482899658458,0.02620664768463549,0.005250992018094232
ett_15min,change,289,0.28865794756384194,0.021564525128332845,0.003622630044950667,0.005250992018094231
ett_15min,change,290,0.2823705837104411,0.021670802546602475,0.0031914507088320085,0.005250992018094231
ett_15min,change,291,0.2693689236252177,0.021772014925248925,-0.004726079964243363,0.0052509920180942304
ett_15min,change,292,0.2571630522302481,0.02186371410638044,-0.006206154761719981,0.0052509920180942304
ett_15min,change,293,0.24711048802936159,0.02194695753204229,-0.0020132062728803815,0.005250992018094231
ett_15min,change,294,0.23579692784560144,0.022023540762415333,0.0010532749332585536,0.005250992018094231
ett_15min,change,295,0.2174173315355699,0.022093041136212715,-0.005857421844800883,0.005250992018094231
ett_15min,change,296,0.20294569681704996,0.0221519576236969,-0.002324273858125085,0.005250992018094231
ett_15min,change,297,0.1917926854784509,0.022203164540376547,0.0055350341565975686,0.005250992018094231
ett_15min,change,298,0.17274025158364836,0.022248798257932634,-0.0001611253111197617,0.005250992018094231
ett_15min,change,299,0.15360212723347358,0.02228574726591223,-0.0008877528448675445,0.005250992018094231
ett_15min,change,300,0.13620917357341558,0.02231491924030523,0.00117887053236923,0.005250992018094231
ett_15min,volatility,1,0.9552347519374154,0.005250992018094203,0.9552416083945525,0.005250992018094203
ett_15min,volatility,2,0.9209783024462013,0.00882564591767454,0.09718496269061258,0.0052509920180942304
ett_15min,volatility,3,0.8892565696899335,0.011165427871592692,0.02505029612046905,0.0052509920180942304
ett_15min,volatility,4,0.8578979179794822,0.01297207965634617,-0.004254570945663995,0.005250992018094231
ett_15min,volatility,5,0.8266420250555829,0.014452043770174616,-0.01251841620322701,0.005250992018094232
ett_15min,volatility,6,0.7952696721735915,0.015701743859006467,-0.01728021004422078,0.0052509920180942304
ett_15min,volatility,7,0.7636723632059594,0.01677563577157004,-0.020036413662047628,0.0052509920180942304
ett_15min,volatility,8,0.7321641118533389,0.01770826803447123,-0.017534588910685364,0.0052509920180942304
ett_15min,volatility,9,0.7010668956469257,0.018524159066857337,-0.013497357181875733,0.005250992018094232
ett_15min,volatility,10,0.6703807145867202,0.019241838777163345,-0.012459002138087231,0.005250992018094232
ett_15min,volatility,11,0.6408454319358955,0.019875398502214092,-0.00353444746310597,0.0052509920180942304
ett_15min,volatility,12,0.6123582889079,0.020437194401628167,-0.002222597269014231,0.005250992018094231
ett_15min,volatility,13,0.584953538431584,0.0209369923206143,-0.0009108644788873496,0.005250992018094231
ett_15min,volatility,14,0.558973709795454,0.021382865406273877,0.0036409521629943726,0.005250992018094232
ett_15min,volatility,15,0.5339940666817621,0.021782041630957982,0.00026456851032028816,0.005250992018094231
ett_15min,volatility,16,0.5097611374170138,0.02214005767171537,-0.003116927080192262,0.005250992018094231
ett_15min,volatility,17,0.48625437024389867,0.022461347970352208,-0.004242175386035145,0.005250992018094231
ett_15min,volatility,18,0.4634041460599422,0.022749747611645887,-0.005324883159506604,0.005250992018094231
ett_15min,volatility,19,0.44099235936527353,0.02300854668378549,-0.00798930335859212,0.005250992018094232
ett_15min,volatility,20,0.41948484999226143,0.023240431706038678,-0.003191223195387211,0.005250992018094231
ett_15min,volatility,21,0.4048210758036037,0.023448273767166128,0.06700239325910702,0.0052509920180942304
ett_15min,volatility,22,0.39093826839274015,0.02364019559343461,0.017414465576412134,0.0052509920180942304
ett_15min,volatility,23,0.37716507035419855,0.023817786129078533,0.0008044619525044004,0.005250992018094231
ett_15min,volatility,24,0.3639604709345773,0.023981901999253485,9.439683595173948e-05,0.005250992018094231
ett_15min,volatility,25,0.3508586303015079,0.024133724103736764,-0.006035461452733576,0.005250992018094231
ett_15min,volatility,26,0.3376882838107373,0.02427396113941943,-0.00986492896666018,0.005250992018094232
ett_15min,volatility,27,0.3242302127176215,0.0244031484673089,-0.01377690343745122,0.005250992018094232
ett_15min,volatility,28,0.3109365556829886,0.02452164092558201,-0.009242611154261827,0.0052509920180942304
ett_15min,volatility,29,0.2973894269748612,0.024630112828894768,-0.01251603917732646,0.005250992018094232
ett_15min,volatility,30,0.28385599943827394,0.024728921964832395,-0.0098851501757418,0.005250992018094232
ett_15min,volatility,31,0.2707404576336644,0.024818600173978245,-0.0034331407414151475,0.005250992018094232
ett_15min,volatility,32,0.2576386170005949,0.0248999021294896,-0.006214702193784485,0.005250992018094231
ett_15min,volatility,33,0.24431755762288165,0.024973297285978233,-0.009303395340814155,0.005250992018094232
ett_15min,volatility,34,0.2311962784772753,0.025039115222685815,-0.0050409814282793165,0.005250992018094232
ett_15min,volatility,35,0.21819830987553124,0.02509790690050781,-0.005786606499600752,0.005250992018094231
ett_15min,volatility,36,0.20561248966476808,0.025150158084332908,-0.0031535708220657137,0.005250992018094232
ett_15min,volatility,37,0.1934091890123585,0.025196464519987666,-0.003036097171879992,0.005250992018094231
ett_15min,volatility,38,0.1818566940081107,0.025237366559148683,0.0001531398496929601,0.005250992018094231
ett_15min,volatility,39,0.17125069308491353,0.025273473168465038,0.00436847267751746,0.005250992018094231
ett_15min,volatility,40,0.16156840799590974,0.025305447967688327,0.006656813633836847,0.005250992018094232
ett_15min,volatility,41,0.15273448229762795,0.025333875404914746,0.011200771293080043,0.005250992018094232
ett_15min,volatility,42,0.14443490228941583,0.025359252261137777,0.004793255869768139,0.0052509920180942304
ett_15min,volatility,43,0.1369436914020785,0.02538192460814656,0.005378487050824214,0.0052509920180942304
ett_15min,volatility,44,0.1303430566648573,0.025402288840432892,0.006920785625955071,0.0052509920180942304
ett_15min,volatility,45,0.12460670897944523,0.02542072320256103,0.006566642612069572,0.005250992018094231
ett_15min,volatility,46,0.11984999505916095,0.025437559007152902,0.007798955407105093,0.005250992018094231
ett_15min,volatility,47,0.11607291490400452,0.025453124055456015,0.008395551916080185,0.0052509920180942304
ett_15min,volatility,48,0.11330287085705636,0.025467714850055875,0.010189342076867966,0.005250992018094232
ett_15min,volatility,49,0.11164262170486838,0.02548160977191314,0.012119713153092309,0.005250992018094232
ett_15min,volatility,50,0.11072334906062728,0.025495093221682336,0.009588615892277445,0.0052509920180942304
ett_15min,volatility,51,0.11063873463556793,0.02550834858557678,0.011551284801487462,0.0052509920180942304
ett_15min,volatility,52,0.11161707424965134,0.025521576829016346,0.014565625892578354,0.0052509920180942304
ett_15min,volatility,53,0.11362300172925344,0.025535033015787523,0.015328448331233943,0.005250992018094232
ett_15min,volatility,54,0.11647840184435089,0.025548969727264996,0.014918573954945972,0.005250992018094232
ett_15min,volatility,55,0.1196283771475638,0.0255636075248859,0.008944963149649262,0.0052509920180942304
ett_15min,volatility,56,0.12330473431030281,0.025579038662317033,0.010895359380777597,0.0052509920180942304
ett_15min,volatility,57,0.12776890883660622,0.02559542262446176,0.014812145180659968,0.0052509920180942304
ett_15min,volatility,58,0.13263726792334687,0.02561300273745124,0.012579252500537918,0.005250992018094232
ett_15min,volatility,59,0.13793721391360542,0.025631934579873165,0.013590780733257903,0.0052509920180942304
ett_15min,volatility,60,0.14382631028009468,0.025652393887777125,0.01623263011600432,0.0052509920180942304
ett_15min,volatility,61,0.14966060196042294,0.025674618971236407,0.01016106190583291,0.005250992018094232
ett_15min,volatility,62,0.15578373148786984,0.02569866206686433,0.012187887138188644,0.005250992018094232
ett_15min,volatility,63,0.16200961980186865,0.025724687415456,0.010787040451887808,0.005250992018094232
ett_15min,volatility,64,0.1685917385759139,0.025752804930416123,0.013946822678537467,0.0052509920180942304
ett_15min,volatility,65,0.17471486810336084,0.025783218989229167,0.005373019051083654,0.0052509920180942304
ett_15min,volatility,66,0.18090650348850892,0.02581584249572552,0.009648318257828341,0.0052509920180942304
ett_15min,volatility,67,0.18770784100719823,0.025850773498559715,0.0169850662125915,0.0052509920180942304
ett_15min,volatility,68,0.1943790173962551,0.025888327711190262,0.010934847810870738,0.005250992018094232
ett_15min,volatility,69,0.20078987152604724,0.02592853829090433,0.008460857100367317,0.0052509920180942304
ett_15min,volatility,70,0.2070020586685058,0.02597137633880564,0.007974316596548405,0.005250992018094232
ett_15min,volatility,71,0.21342661396983817,0.02601682878039266,0.012708686462895464,0.005250992018094232
ett_15min,volatility,72,0.21966620345537716,0.026065059433122623,0.009748571884533517,0.0052509920180942304
ett_15min,volatility,73,0.22556326365240997,0.026116054228843263,0.007329066099236711,0.0052509920180942304
ett_15min,volatility,74,0.2315699332217648,0.026169716115836725,0.011583416789133535,0.0052509920180942304
ett_15min,volatility,75,0.23739848756109638,0.026226155203641743,0.00845766064621394,0.005250992018094232
ett_15min,volatility,76,0.24345422447561552,0.026285340553397915,0.013052023661216057,0.0052509920180942304
ett_15min,volatility,77,0.2498171245050168,0.026347440470979908,0.015802663744582463,0.0052509920180942304
ett_15min,volatility,78,0.2566390137810164,0.02641267107757149,0.018235305902360426,0.0052509920180942304
ett_15min,volatility,79,0.26368012180166006,0.026481338631410445,0.016728523489538353,0.0052509920180942304
ett_15min,volatility,80,0.2709335979811774,0.02655363311358966,0.016861601351538566,0.0052509920180942304
ett_15min,volatility,81,0.2787077186792244,0.026629746756247907,0.019821503287374826,0.0052509920180942304
ett_15min,volatility,82,0.2868791733519386,0.026710054848429643,0.019849259470995993,0.0052509920180942304
ett_15min,volatility,83,0.2954274102420095,0.0267948784925231,0.020082905564203547,0.0052509920180942304
ett_15min,volatility,84,0.3044620387217594,0.026884540092308395,0.022206736879786575,0.0052509920180942304
ett_15min,volatility,85,0.31416802460698146,0.026979443224743438,0.02430940298303164,0.0052509920180942304
ett_15min,volatility,86,0.3239425163499047,0.027080128063133757,0.019559747159642735,0.0052509920180942304
ett_15min,volatility,87,0.33364165164935666,0.02718676646927598,0.018351135304710327,0.0052509920180942304
ett_15min,volatility,88,0.34323229082126006,0.02729943087694725,0.0166658436414029,0.0052509920180942304
ett_15min,volatility,89,0.3525557571481285,0.02741816129899438,0.014497519480597252,0.005250992018094232
ett_15min,volatility,90,0.3611724998959007,0.027542874786128102,0.009248033208062235,0.005250992018094232
ett_15min,volatility,91,0.3685561372050506,0.02767315452811886,0.002337345726128131,0.005250992018094231
ett_15min,volatility,92,0.3754065420689041,0.027808166789459965,0.007692061341606766,0.005250992018094231
ett_15min,volatility,93,0.38109234735183656,0.0279475552881846,0.001211899018507376,0.005250992018094231
ett_15min,volatility,94,0.38564669273792496,0.028090474400691845,0.0006497466504243887,0.005250992018094231
ett_15min,volatility,95,0.3883513799660797,0.028236080224970428,-0.00886917049542548,0.005250992018094232
ett_15min,volatility,96,0.3889049832624154,0.028382972790522598,-0.014931384541924655,0.005250992018094232
ett_15min,volatility,97,0.3870060768530465,0.02852952490277566,-0.021030880878608493,0.0052509920180942304
ett_15min,volatility,98,0.38299033944070915,0.02867391126132235,-0.02032607663403596,0.0052509920180942304
ett_15min,volatility,99,0.3770906909415875,0.028814615497061546,-0.01942032370057982,0.0052509920180942304
ett_15min,volatility,100,0.3697935229453605,0.02895036545387264,-0.014752142359956812,0.005250992018094232
ett_15min,volatility,101,0.36149505618192185,0.02908031466623895,-0.00954711410621727,0.0052509920180942304
ett_15min,volatility,102,0.35215530038142434,0.029203956678631293,-0.00950518839477819,0.0052509920180942304
ett_15min,volatility,103,0.34181535905848853,0.029320810112469953,-0.010039406951017382,0.005250992018094232
ett_15min,volatility,104,0.3304546804558043,0.029430477744847916,-0.011240771359087713,0.005250992018094232
ett_15min,volatility,105,0.31906659951003946,0.029532608447526032,-0.0011026112889208908,0.005250992018094231
ett_15min,volatility,106,0.30781441703490375,0.029627504120022796,0.0015694616434983513,0.005250992018094231
ett_15min,volatility,107,0.29691957826458787,0.029715552367209075,0.0042367646927728405,0.005250992018094231
ett_15min,volatility,108,0.28640725905262554,0.029797244459888406,0.00454148569224352,0.005250992018094231
ett_15min,volatility,109,0.2765662972461355,0.029873053770202385,0.00734690097674912,0.005250992018094231
ett_15min,volatility,110,0.26678699071157647,0.029943570039178802,-7.138548863922238e-05,0.005250992018094231
ett_15min,volatility,111,0.2570487876916383,0.03000903877013006,-0.003186620050897397,0.005250992018094232
ett_15min,volatility,112,0.24807785027795398,0.030069687696023792,0.004794740246767149,0.005250992018094232
ett_15min,volatility,113,0.23962070679702904,0.030126067404378662,0.0030544701763211305,0.005250992018094231
ett_15min,volatility,114,0.2314101844038286,0.03017857361363885,-0.00014266919714535226,0.005250992018094231
ett_15min,volatility,115,0.22359699598529537,0.030227461056478,-0.00018469741538836327,0.005250992018094231
ett_15min,volatility,116,0.2160852333406476,0.030273031759518343,-0.001991137320456671,0.005250992018094231
ett_15min,volatility,117,0.2085049648382986,0.030315530126895113,-0.007089595337407478,0.0052509920180942304
ett_15min,volatility,118,0.20174676662836452,0.030355045619201104,0.0025769052516012316,0.005250992018094231
ett_15min,volatility,119,0.19452272858606195,0.030391994454783328,-0.008956905842705636,0.0052509920180942304
ett_15min,volatility,120,0.18723703527182836,0.0304263043308812,-0.006112308423357207,0.0052509920180942304
ett_15min,volatility,121,0.17954030681138727,0.030458057747647982,-0.009163844027589322,0.005250992018094232
ett_15min,volatility,122,0.1721861076394523,0.030487225068642154,-0.0007502045568843252,0.005250992018094231
ett_15min,volatility,123,0.16443457449285023,0.030514027252272646,-0.007137755655580354,0.005250992018094231
ett_15min,volatility,124,0.1565597308023859,0.030538450066085132,-0.005443655907392666,0.005250992018094231
ett_15min,volatility,125,0.14808203556415056,0.03056057278895604,-0.009342768693794357,0.0052509920180942304
ett_15min,volatility,126,0.13966599559784637,0.0305803509299023,-0.0027169718302176944,0.005250992018094231
ett_15min,volatility,127,0.1312842085603928,0.03059793408377124,-0.001553758108182328,0.005250992018094231
ett_15min,volatility,128,0.1227928121506172,0.03061346172220651,-0.0027626381538531845,0.005250992018094231
ett_15min,volatility,129,0.11384242649424331,0.030627039223985936,-0.007368035315427441,0.005250992018094232
ett_15min,volatility,130,0.10476187970823701,0.03063870472211387,-0.006584550433341859,0.005250992018094232
ett_15min,volatility,131,0.09587314932379423,0.030648579990230462,-0.0038613176890865755,0.0052509920180942304
ett_15min,volatility,132,0.08738175291401867,0.03065684812923991,-2.1579113010152185e-05,0.005250992018094231
ett_15min,volatility,133,0.07904791997695598,0.030663714829397157,-0.002774721914184357,0.005250992018094231
ett_15min,volatility,134,0.0712278809726526,0.030669333053494244,-0.000315314176995683,0.005250992018094231
ett_15min,volatility,135,0.06377092301416586,0.030673893907201877,-0.0018302014124825345,0.005250992018094231
ett_15min,volatility,136,0.05708808124770315,0.03067754929396252,0.002078628158379527,0.005250992018094231
ett_15min,volatility,137,0.05120675801634505,0.03068047838057484,0.002729845573527015,0.005250992018094231
ett_15min,volatility,138,0.045880332232367,0.030682834831897474,0.0010384739993248686,0.005250992018094231
ett_15min,volatility,139,0.04125377944171511,0.03068472642166184,0.0005827583766693288,0.005250992018094231
ett_15min,volatility,140,0.03720267585575367,0.030686255666852985,-0.0007632956999663711,0.005250992018094231
ett_15min,volatility,141,0.03411065427760969,0.03068749926015317,0.003018592661480465,0.005250992018094231
ett_15min,volatility,142,0.03171054186224823,0.03068854468765115,0.0020282157556650335,0.005250992018094231
ett_15min,volatility,143,0.030091396224681013,0.03068944814437872,0.002324228351550959,0.005250992018094231
ett_15min,volatility,144,0.029685917513199246,0.030690261672480672,0.008099567251810878,0.005250992018094232
ett_15min,volatility,145,0.03030691342246275,0.030691053403163235,0.007813361494346104,0.0052509920180942304
ett_15min,volatility,146,0.0317294278668308,0.030691878582795235,0.006675639599012847,0.0052509920180942304
ett_15min,volatility,147,0.034049369047085186,0.03069278301772809,0.008236032579269387,0.0052509920180942304
ett_15min,volatility,148,0.036848851231248266,0.030693824512791946,0.003813058301435897,0.005250992018094231
ett_15min,volatility,149,0.04039504726435493,0.03069504426324389,0.005634455648187961,0.005250992018094231
ett_15min,volatility,150,0.04473017390579932,0.0306965100146666,0.007356101896595646,0.005250992018094231
ett_15min,volatility,151,0.04974239529371265,0.030698307155759868,0.008191065424176924,0.0052509920180942304
ett_15min,volatility,152,0.055268410614385276,0.03070052947250405,0.00739991945746745,0.005250992018094231
ett_15min,volatility,153,0.06111177937003056,0.030703272760471887,0.00526033361089479,0.005250992018094232
ett_15min,volatility,154,0.0674678288136617,0.030706626460275624,0.007868170471194163,0.005250992018094232
ett_15min,volatility,155,0.0746059582798605,0.03071071355946145,0.012308772690682982,0.0052509920180942304
ett_15min,volatility,156,0.08170983481720863,0.0307157105037148,0.005085385214429858,0.005250992018094231
ett_15min,volatility,157,0.0888616654549477,0.030721703285323254,0.005051875936010694,0.005250992018094231
ett_15min,volatility,158,0.09643138182466432,0.03072878953155255,0.00907824875364822,0.0052509920180942304
ett_15min,volatility,159,0.1038972261630557,0.0307371323941703,0.0043804047439951884,0.005250992018094231
ett_15min,volatility,160,0.11141787518760796,0.030746814256006255,0.005443694509019647,0.005250992018094231
ett_15min,volatility,161,0.11897277714101093,0.030757944731934633,0.00604371906646249,0.005250992018094231
ett_15min,volatility,162,0.1264591732367126,0.03077063091718671,0.00509228664054793,0.005250992018094232
ett_15min,volatility,163,0.13400722460434547,0.030784957608393483,0.006679979625575166,0.005250992018094231
ett_15min,volatility,164,0.14104833262498906,0.030801037650183966,0.001635643633571691,0.005250992018094231
ett_15min,volatility,165,0.1477743137002069,0.030818842068063755,0.0024376647068905357,0.005250992018094231
ett_15min,volatility,166,0.15481542172085053,0.030838373168270067,0.009324384041060596,0.005250992018094232
ett_15min,volatility,167,0.16169211568301115,0.030859795605451962,0.005793466911354749,0.0052509920180942304
ett_15min,volatility,168,0.168363292072068,0.030883146476163442,0.004244919832385814,0.005250992018094231
ett_15min,volatility,169,0.17462343331491742,0.03090844400829562,0.001254463548466301,0.005250992018094231
ett_15min,volatility,170,0.1804371732379353,0.03093563466103877,-6.238373675205222e-05,0.005250992018094231
ett_15min,volatility,171,0.18654660159384195,0.030964639614171285,0.007971444596433166,0.005250992018094232
ett_15min,volatility,172,0.192786191079381,0.03099561196877182,0.00754119955601471,0.005250992018094232
ett_15min,volatility,173,0.1990189299791499,0.031028656751850014,0.005896933835341286,0.0052509920180942304
ett_15min,volatility,174,0.20540811910685824,0.03106383404388277,0.00795054875500774,0.005250992018094232
ett_15min,volatility,175,0.21197542346458983,0.03110126244813352,0.008978209933942653,0.0052509920180942304
ett_15min,volatility,176,0.21861123368002267,0.03114107296859675,0.006784241082067051,0.0052509920180942304
ett_15min,volatility,177,0.2260143095017094,0.031183359234022087,0.014581183995321429,0.005250992018094232
ett_15min,volatility,178,0.2335955005534194,0.031228494655394207,0.01076876001187516,0.0052509920180942304
ett_15min,volatility,179,0.24182064666752104,0.031276636861201496,0.015289012016683591,0.005250992018094232
ett_15min,volatility,180,0.25006634453893317,0.03132814690847498,0.009572288712428245,0.005250992018094232
ett_15min,volatility,181,0.2584833070545984,0.031383136123098954,0.010892790764542627,0.0052509920180942304
ett_15min,volatility,182,0.2671674424152984,0.03144178311965001,0.012718455013890987,0.005250992018094232
ett_15min,volatility,183,0.27596803773409057,0.031504316362960236,0.012715547520996347,0.0052509920180942304
ett_15min,volatility,184,0.284782334224423,0.03157090061565798,0.012027379367618128,0.0052509920180942304
ett_15min,volatility,185,0.293630883643606,0.03164165208669967,0.013610987376831462,0.005250992018094232
ett_15min,volatility,186,0.3015683051553625,0.031716695457629285,0.0044528970942688375,0.005250992018094231
ett_15min,volatility,187,0.30873846106086505,0.03179565886684482,0.003988055206453644,0.005250992018094231
ett_15min,volatility,188,0.31499748905894104,0.03187821188019152,0.0022462740282297084,0.005250992018094231
ett_15min,volatility,189,0.32000971044685433,0.03196391951649746,-0.0019363349651707793,0.005250992018094231
ett_15min,volatility,190,0.3240011945550191,0.032052136075675586,-0.0003467142652993547,0.005250992018094231
ett_15min,volatility,191,0.32636223924989416,0.032142315703867164,-0.005924061768421565,0.005250992018094231
ett_15min,volatility,192,0.32679826934336437,0.03223355656884602,-0.010928318476027604,0.005250992018094232
ett_15min,volatility,193,0.32517912370579716,0.032324782826034126,-0.01475440867064033,0.005250992018094232
ett_15min,volatility,194,0.32185418221146883,0.03241485440233699,-0.012971493244137018,0.005250992018094232
ett_15min,volatility,195,0.3172344800065871,0.032502851401452926,-0.008904666333963161,0.0052509920180942304
ett_15min,volatility,196,0.3115049829069451,0.032588112863470964,-0.006865708361296805,0.005250992018094232
ett_15min,volatility,197,0.3044944262682899,0.032670111655466516,-0.008184607874198273,0.0052509920180942304
ett_15min,volatility,198,0.2970454321403468,0.03274826932743807,-0.00046230105422723043,0.005250992018094231
ett_15min,volatility,199,0.28852089604649395,0.0328224769199687,-0.006877281250451265,0.005250992018094232
ett_15min,volatility,200,0.2798113941368478,0.03289233296607652,9.507648503791804e-05,0.005250992018094231
ett_15min,volatility,201,0.2703962818928789,0.03295790009788692,-0.0057091900709078155,0.005250992018094232
ett_15min,volatility,202,0.26089896261966855,0.033019011487716854,-0.0007897399798356916,0.005250992018094231
ett_15min,volatility,203,0.2517567605617311,0.0330758038616729,0.0039300746546272825,0.005250992018094231
ett_15min,volatility,204,0.24307354775039205,0.033128598294337425,0.005821279998045594,0.005250992018094231
ett_15min,volatility,205,0.23463695602677748,0.03317773805976536,0.0036248947584412755,0.005250992018094231
ett_15min,volatility,206,0.22626887016086417,0.03322346052358233,-0.0004220740250079784,0.005250992018094231
ett_15min,volatility,207,0.21826386534076742,0.03326592345958705,0.001411348488326803,0.005250992018094231
ett_15min,volatility,208,0.21027941227798108,0.033305386386568436,-0.00280828504282684,0.0052509920180942304
ett_15min,volatility,209,0.2025004767882985,0.033341973089432125,-0.002273794248818336,0.005250992018094231
ett_15min,volatility,210,0.1951725667146706,0.03337586709008156,0.0009256475515233987,0.005250992018094231
ett_15min,volatility,211,0.1879542660133648,0.0334073216133666,-0.0026456462815317894,0.005250992018094231
ett_15min,volatility,212,0.18090722995631206,0.03343646607488368,-0.0032317806724192232,0.005250992018094231
ett_15min,volatility,213,0.1741273667442942,0.033463443408911775,-0.0019282893374945908,0.005250992018094231
ett_15min,volatility,214,0.16699127307222983,0.03348841717997658,-0.007981839049975487,0.0052509920180942304
ett_15min,volatility,215,0.15948524776857875,0.03351136951334199,-0.008886818452790794,0.005250992018094232
ett_15min,volatility,216,0.15199977422223804,0.033532291167915035,-0.004552714072005266,0.0052509920180942304
ett_15min,volatility,217,0.14381554092734464,0.03355128367948986,-0.01136044030923889,0.0052509920180942304
ett_15min,volatility,218,0.13585052637709527,0.033568276882496445,-0.0014465852807335942,0.005250992018094231
ett_15min,volatility,219,0.12781700596914458,0.033583432662394386,-0.003025307942972759,0.005250992018094231
ett_15min,volatility,220,0.11977089763442707,0.03359684326240216,-0.0012406101790841974,0.005250992018094231
ett_15min,volatility,221,0.1114850187977553,0.03360861419246047,-0.004335521531745569,0.005250992018094231
ett_15min,volatility,222,0.10336355401956644,0.033618809475016484,0.00011512619734505324,0.005250992018094231
ett_15min,volatility,223,0.09520783631252701,0.03362757097905903,-0.000518613708914738,0.005250992018094231
ett_15min,volatility,224,0.0866068305304294,0.033635002618359125,-0.005745826403949415,0.0052509920180942304
ett_15min,volatility,225,0.07860182571033272,0.033641150929675456,0.0038487066510920595,0.005250992018094231
ett_15min,volatility,226,0.07026799277327,0.03364621435554234,-0.005645610558080938,0.0052509920180942304
ett_15min,volatility,227,0.06234519498241479,0.033650260445112476,0.000377862760331023,0.005250992018094231
ett_15min,volatility,228,0.05432648899077781,0.0336534452271144,-0.005470186574657942,0.005250992018094231
ett_15min,volatility,229,0.046485898229164074,0.03365586325252207,-0.0042220527886701175,0.005250992018094232
ett_15min,volatility,230,0.03920705550070054,0.03365763357756954,-3.189015961086346e-05,0.005250992018094231
ett_15min,volatility,231,0.032702328964261104,0.03365889284934313,0.0024326669057153825,0.005250992018094231
ett_15min,volatility,232,0.026690844603270585,0.03365976891086105,-0.00012217081707669673,0.005250992018094231
ett_15min,volatility,233,0.02072046375690087,0.03366035248018565,-0.006221925576420134,0.005250992018094231
ett_15min,volatility,234,0.015585854374486304,0.033660704170761474,-0.0003403767123603454,0.005250992018094231
ett_15min,volatility,235,0.011465131686050194,0.03366090315536028,0.0030693603928417744,0.005250992018094231
ett_15min,volatility,236,0.008029467574626517,0.033661010830229245,0.0005859477323551828,0.005250992018094231
ett_15min,volatility,237,0.00505279270980122,0.033661063641755556,-0.003321720754175124,0.005250992018094231
ett_15min,volatility,238,0.0030363130975667348,0.03366108455482164,0.0028503350247483443,0.005250992018094231
ett_15min,volatility,239,0.001930961392758849,0.03366109210657277,0.0034524831253220792,0.005250992018094231
ett_15min,volatility,240,0.0015791741226646523,0.033661095160802325,0.0023627941098068,0.005250992018094231
ett_15min,volatility,241,0.0020574209755289752,0.033661097203548936,0.0031800174831200655,0.005250992018094231
ett_15min,volatility,242,0.0032001746480953474,0.03366110067092345,0.002499002762514698,0.005250992018094231
ett_15min,volatility,243,0.004596399994156386,0.03366110905975956,-0.00213873651269775,0.005250992018094231
ett_15min,volatility,244,0.0070270637915061515,0.03366112636548521,0.004942958100473939,0.0052509920180942304
ett_15min,volatility,245,0.01026035936873397,0.03366116681390907,0.005922585831887837,0.005250992018094231
ett_15min,volatility,246,0.013980046535640587,0.033661253047831,0.002040006527430932,0.005250992018094231
ett_15min,volatility,247,0.018329987593398725,0.0336614131394656,0.004150693264905234,0.0052509920180942304
ett_15min,volatility,248,0.023166320240835658,0.03366168835499681,0.003075749287237833,0.005250992018094231
ett_15min,volatility,249,0.028576988848189672,0.03366212795541473,0.004835297089874436,0.005250992018094231
ett_15min,volatility,250,0.034426094944831585,0.03366279686861359,0.004709387802472558,0.005250992018094232
ett_15min,volatility,251,0.04077529380269262,0.03366376760605858,0.0064572514517156916,0.005250992018094232
ett_15min,volatility,252,0.04774104537986485,0.03366512938122547,0.0083248841827644,0.005250992018094232
ett_15min,volatility,253,0.054651992270876096,0.03366699607997639,0.0009788929026441418,0.005250992018094231
ett_15min,volatility,254,0.06167254853420931,0.03366944218200388,0.002592862734638985,0.005250992018094231
ett_15min,volatility,255,0.06913154228683054,0.03367255684095087,0.007595658890780451,0.0052509920180942304
ett_15min,volatility,256,0.07704267470027992,0.03367647005747296,0.008921110182714066,0.0052509920180942304
ett_15min,volatility,257,0.08511137058644223,0.03368132951202003,0.006533558998268081,0.0052509920180942304
ett_15min,volatility,258,0.09307730768605263,0.03368725918074217,0.004522944353670269,0.005250992018094232
ett_15min,volatility,259,0.10090623307026057,0.03369434938852458,0.0036584406452083214,0.005250992018094232
ett_15min,volatility,260,0.10896807837065275,0.033702680595824736,0.007649688470765864,0.005250992018094232
ett_15min,volatility,261,0.11674904965446978,0.03371239361574732,0.0032339910208021407,0.005250992018094231
ett_15min,volatility,262,0.12413953754938972,0.03372353984693266,0.0006904751230695382,0.005250992018094231
ett_15min,volatility,263,0.13150947368699928,0.033736137472584755,0.003491988912704085,0.005250992018094231
ett_15min,volatility,264,0.138612236979574,0.03375026969563851,0.0022418915512189288,0.005250992018094231
ett_15min,volatility,265,0.14523545926824005,0.03376596275642474,-0.0003922536315242125,0.005250992018094231
ett_15min,volatility,266,0.1513996923103077,0.03378318295581603,-0.0018019212194713365,0.005250992018094231
ett_15min,volatility,267,0.15772833941085834,0.03380188598432621,0.004559685610973763,0.005250992018094231
ett_15min,volatility,268,0.16434471111375423,0.03382217359655701,0.007669209378628387,0.005250992018094232
ett_15min,volatility,269,0.1710364392601215,0.033844185184257275,0.006267675524189937,0.005250992018094232
ett_15min,volatility,270,0.17783777677881077,0.03386800964688658,0.006353440422553284,0.005250992018094232
ett_15min,volatility,271,0.18494627741238212,0.033893747723665935,0.008651263024213693,0.0052509920180942304
ett_15min,volatility,272,0.1922876979621378,0.03392156253685513,0.008334026569750758,0.0052509920180942304
ett_15min,volatility,273,0.20003330307233083,0.03395160375940687,0.009145908228564101,0.005250992018094232
ett_15min,volatility,274,0.20805293161332875,0.03398408400826988,0.00849040920027509,0.005250992018094232
ett_15min,volatility,275,0.21623012362703956,0.03401918590588858,0.008124828985465899,0.005250992018094232
ett_15min,volatility,276,0.2246333849711645,0.03405706063215638,0.009216015578838058,0.0052509920180942304
ett_15min,volatility,277,0.23305034748682973,0.034097889178026475,0.0073795775392579924,0.005250992018094232
ett_15min,volatility,278,0.24196055217794393,0.03414178016104802,0.0131659107616797,0.005250992018094232
ett_15min,volatility,279,0.2512749414294954,0.03418902836303646,0.014765876127574731,0.005250992018094232
ett_15min,volatility,280,0.2606098824383573,0.034239911193633676,0.012667803966509968,0.0052509920180942304
ett_15min,volatility,281,0.2695611906440922,0.03429456059419907,0.008169794119816016,0.0052509920180942304
ett_15min,volatility,282,0.27802610726014826,0.03435293235078134,0.006670375859609216,0.0052509920180942304
ett_15min,volatility,283,0.2858950229142035,0.03441491903627847,0.006432398244619137,0.005250992018094231
ett_15min,volatility,284,0.29296242003315415,0.0344803429537997,0.004359617455153018,0.005250992018094231
ett_15min,volatility,285,0.2993858620897131,0.0345489080957504,0.006002744948643775,0.005250992018094231
ett_15min,volatility,286,0.3045008422641783,0.03462036793869416,-0.0003803345095630109,0.005250992018094231
ett_15min,volatility,287,0.30771821018031903,0.034694135528130166,-0.007533622007592495,0.005250992018094232
ett_15min,volatility,288,0.3092297822396986,0.03476930868595701,-0.007097586124176601,0.005250992018094232
ett_15min,volatility,289,0.30857656919571896,0.03484505760976808,-0.01367985256950269,0.0052509920180942304
ett_15min,volatility,290,0.30634772142461064,0.03492032357452818,-0.009563588557115945,0.0052509920180942304
ett_15min,volatility,291,0.3024610318971322,0.03499434777074678,-0.010424837118706834,0.005250992018094232
ett_15min,volatility,292,0.2974645474748936,0.03506635516255241,-0.0058169254355439565,0.005250992018094231
ett_15min,volatility,293,0.2911733023421014,0.03513586276437086,-0.00776991800783714,0.005250992018094232
ett_15min,volatility,294,0.284149044531906,0.03520233259840155,-0.003240707024201663,0.005250992018094231
ett_15min,volatility,295,0.27617255529966317,0.03526551761290077,-0.006045844550997226,0.005250992018094231
ett_15min,volatility,296,0.26775762857813235,0.035325101215634244,-0.0018559752255678126,0.005250992018094231
ett_15min,volatility,297,0.2593564030281419,0.03538101764344115,0.0027262475318893396,0.005250992018094231
ett_15min,volatility,298,0.25071540697619704,0.035433399992802525,0.0008276933355411298,0.005250992018094231
ett_15min,volatility,299,0.2421144011940994,0.03548228013781009,0.0018801165513759811,0.005250992018094231
ett_15min,volatility,300,0.23326677432427748,0.03552780345837872,-0.002323903529092203,0.005250992018094231
finance,change,1,-0.021589672596338677,0.013207472402006218,-0.02159065300924437,0.013207472402006218
finance,change,2,-0.01383881494512591,0.013213627155232253,-0.014312900222484758,0.01320747240200622
finance,change,3,-0.0042573701511668645,0.013216155135254138,-0.004873337798139939,0.01320747240200622
finance,change,4,-0.017497935010774453,0.013216394363902841,-0.01791188833177553,0.013207472402006218
finance,change,5,-0.001632164300716421,0.013220434850331015,-0.002543254984051453,0.013207472402006218
finance,change,6,-0.020670278386350386,0.013220469999968901,-0.021317062435658757,0.013207472402006218
finance,change,7,0.01655234232241407,0.01322610628066698,0.01542303272726494,0.01320747240200622
finance,change,8,-0.030859182535123805,0.01322971927283504,-0.03116910948110028,0.013207472402006221
finance,change,9,0.02546187408896349,0.013242269502810839,0.024388058363372236,0.013207472402006221
finance,change,10,-0.0087090937100396,0.013250806748153689,-0.009233132313769158,0.013207472402006221
finance,change,11,0.0037388910595622152,0.013251805198952889,0.004347241074086946,0.01320747240200622
finance,change,12,-0.004315010228930953,0.01325198921130974,-0.005723625097968838,0.01320747240200622
finance,change,13,-0.011454997827377378,0.013252234297021609,-0.010204009577630603,0.013207472402006218
finance,change,14,-0.003950978224516874,0.01325396137537951,-0.006317447369111122,0.01320747240200622
finance,change,15,-0.02530921590562247,0.013254166822296937,-0.023874450497109758,0.013207472402006221
finance,change,16,0.013621262862375293,0.01326259446901014,0.010126527916712091,0.013207472402006218
finance,change,17,-0.007370167449517866,0.013265034558373773,-0.006201304385024666,0.013207472402006221
finance,change,18,0.01038514015272173,0.013265748847527445,0.008599782439770482,0.01320747240200622
finance,change,19,-0.01091000813496943,0.013267166955061742,-0.01125495668075628,0.01320747240200622
finance,change,20,0.016793559431514442,0.013268731852090179,0.016564522391236486,0.013207472402006218
finance,change,21,0.015878258059068513,0.013272438956803415,0.014924681439675994,0.01320747240200622
finance,change,22,-0.031106819739158423,0.013275752099924447,-0.02851322382608687,0.013207472402006218
finance,change,23,0.004102155112585143,0.013288460289958965,0.0011572518839561938,0.01320747240200622
finance,change,24,-0.005050788402218981,0.013288681184664822,-0.0027842162180040037,0.01320747240200622
finance,change,25,-0.02030568905951066,0.013289016050174633,-0.022339302856558697,0.013207472402006218
finance,change,26,-0.015118343348805845,0.013294427250960125,-0.015116734828801886,0.01320747240200622
finance,change,27,0.016917613788844193,0.013297425924750347,0.01412663794811491,0.013207472402006218
finance,change,28,0.009960684904672392,0.013301179877126807,0.009475609667435098,0.01320747240200622
finance,change,29,-0.0059661209789560994,0.013302480964375574,-0.0052846783288948065,0.01320747240200622
finance,change,30,-0.013960382577350779,0.013302947713239706,-0.017420007749284663,0.013207472402006218
finance,change,31,-0.00956767117649573,0.013305503028395217,-0.008253436596026942,0.013207472402006221
finance,change,32,-0.010055835548967534,0.01330670308304215,-0.012033682991159233,0.01320747240200622
finance,change,33,0.0022097804470228356,0.01330802859500629,0.0023667419396812446,0.01320747240200622
finance,change,34,0.009836529133396292,0.013308092601333428,0.00836520625323596,0.013207472402006218
finance,change,35,-0.003405415607537679,0.013309360798218466,-0.0019348219874643924,0.01320747240200622
finance,change,36,0.01032604998397608,0.013309512789959536,0.009183088386461763,0.01320747240200622
finance,change,37,-0.01243356801791209,0.0133109101969561,-0.014142142066826364,0.013207472402006221
finance,change,38,0.003126414894358368,0.013312935967132945,0.0024003413313039776,0.01320747240200622
finance,change,39,-0.007247609989606453,0.0133130640398767,-0.008150613388468857,0.01320747240200622
finance,change,40,0.008312372922664004,0.013313752279713422,0.00818131937099981,0.013207472402006221
finance,change,41,-0.004440725306207776,0.013314657541577147,-0.005753572457148448,0.01320747240200622
finance,change,42,0.01203317129610943,0.01331491589429138,0.014515134275159169,0.013207472402006221
finance,change,43,-0.0034658076468817383,0.013316812732375847,-0.004123928260679758,0.013207472402006221
finance,change,44,-0.01615857624499183,0.013316970074669487,-0.016282400240722365,0.013207472402006221
finance,change,45,0.01428949215428505,0.013320389746459785,0.01142306356806718,0.013207472402006218
finance,change,46,-0.010424132014525512,0.013323063445351769,-0.007647311427427244,0.01320747240200622
finance,change,47,0.011115768897382737,0.013324486075300278,0.008400167329969434,0.013207472402006218
finance,change,48,-0.005541891962017877,0.013326103565340695,-0.005430621282239337,0.01320747240200622
finance,change,49,0.0014136414386819406,0.013326505583618645,0.0013771410895624153,0.01320747240200622
finance,change,50,0.002451656292495214,0.01332653174142056,0.00293166001592303,0.013207472402006221
finance,change,51,0.002878785491396547,0.01332661041704037,0.003396243861022926,0.01320747240200622
finance,change,52,0.002024503690375499,0.013326718893765292,-9.034253446141602e-06,0.01320747240200622
finance,change,53,-0.0015749688841017635,0.013326772541632125,0.002147980308653565,0.01320747240200622
finance,change,54,0.008493252599929897,0.01332680500980618,0.004818610115748591,0.01320747240200622
finance,change,55,-0.007981349545196094,0.013327749170850993,-0.006141379239899898,0.01320747240200622
finance,change,56,0.001231907998224118,0.013328582893677185,-0.0012190646915197097,0.01320747240200622
finance,change,57,-0.005175154802460606,0.013328602755160176,-0.004193687634696323,0.01320747240200622
finance,change,58,-0.0024279020080876204,0.013328953261420598,-0.0020636205990186857,0.01320747240200622
finance,change,59,0.00831153476161767,0.013329030405825015,0.007873737472510033,0.013207472402006221
finance,change,60,0.0019058518422593205,0.01332993444778561,0.0032662194038490734,0.013207472402006221
finance,change,61,0.012279861124078556,0.013329981980094233,0.010427277163930155,0.01320747240200622
finance,change,62,-0.022196204532048902,0.013331955150667277,-0.020829103962677457,0.013207472402006221
finance,change,63,0.017772296890834947,0.0133383997817288,0.014576961970788609,0.013207472402006218
finance,change,64,-0.010418062967867138,0.013342529834316006,-0.007349377327771999,0.01320747240200622
finance,change,65,-0.0051086781143125795,0.013343948735350934,-0.004746488273785623,0.013207472402006221
finance,change,66,-0.00285165171332817,0.013344289902013036,-0.003957429813903766,0.013207472402006221
finance,change,67,-0.01584813828723626,0.013344396202484142,-0.01418081192168653,0.013207472402006221
finance,change,68,-0.004376466660432461,0.013347678996128244,-0.007708772304770624,0.01320747240200622
finance,change,69,-0.0062680811756764005,0.013347929305348191,-0.005790635935194538,0.01320747240200622
finance,change,70,0.004655104248966708,0.013348442741444434,0.0001484539751576479,0.01320747240200622
finance,change,71,-0.005534482039397105,0.013348725921743904,-0.003028226842049389,0.01320747240200622
finance,change,72,0.005632091730282313,0.01334912618623247,0.0036915838737083175,0.01320747240200622
finance,change,73,0.007950827643354787,0.013349540681219112,0.008743735646376302,0.013207472402006218
finance,change,74,-0.0090126210138334,0.013350366689388733,-0.009256881282900541,0.013207472402006221
finance,change,75,-0.002299786017506699,0.013351427972335395,-0.0031937400026517517,0.01320747240200622
finance,change,76,-0.006692513020507344,0.013351497073511805,-0.005838531480408957,0.013207472402006218
finance,change,77,0.006975863177591973,0.013352082238578292,0.005554588015622284,0.013207472402006221
finance,change,78,-0.009864856396083272,0.013352717973391031,-0.008466405737803386,0.01320747240200622
finance,change,79,-0.0047378403161401446,0.013353989222347831,-0.0067625370954631685,0.01320747240200622
finance,change,80,-0.001563450521793034,0.013354282436192733,-0.0023701234231419464,0.01320747240200622
finance,change,81,0.00643010553379286,0.013354314365289348,0.004655018289779383,0.01320747240200622
finance,change,82,0.017414310529860845,0.013354854429313726,0.016955445929472148,0.013207472402006221
finance,change,83,0.0016726331824965495,0.013358814914947644,0.003273675118474662,0.01320747240200622
finance,change,84,-0.007724388618007075,0.013358851446852144,-0.008987682032241515,0.013207472402006221
finance,change,85,0.0005749552353663898,0.013359630533694773,0.0032654196341798695,0.01320747240200622
finance,change,86,0.003016420231951803,0.013359634850008184,0.0028075904190199594,0.013207472402006218
finance,change,87,0.0016136522287700592,0.013359753652785862,0.0011162854573636728,0.01320747240200622
finance,change,88,-0.004364893690614153,0.013359787651328826,-0.003982922183804954,0.013207472402006221
finance,change,89,-0.006682955265169029,0.013360036412828643,-0.007083501298965654,0.01320747240200622
finance,change,90,-0.00284010994780105,0.013360619534809218,-0.0035390783270210363,0.013207472402006218
finance,change,91,-0.01626580334367284,0.013360724847672627,-0.01733154501621616,0.013207472402006221
finance,change,92,-0.002354038800537214,0.013364178704314288,-0.004407239926892976,0.013207472402006221
finance,change,93,-0.012728063684502038,0.013364251035104174,-0.01511464990461768,0.013207472402006218
finance,change,94,-0.013764714259134524,0.013366365425240313,-0.01528577069158546,0.013207472402006218
finance,change,95,-0.003697182715766056,0.01336883783431988,-0.004239740450412359,0.013207472402006218
finance,change,96,0.009910173910908383,0.01336901618907789,0.009168798713099856,0.013207472402006218
finance,change,97,0.014180846168913679,0.013370297580208707,0.012707230591089965,0.013207472402006221
finance,change,98,-0.006383447143005352,0.013372920953169928,-0.005516575904077832,0.01320747240200622
finance,change,99,-0.007908254289036845,0.013373452467586868,-0.010722854255743694,0.013207472402006218
finance,change,100,-0.008458128173596712,0.013374268192810245,-0.008388581746224992,0.01320747240200622
finance,change,101,0.017962648511638396,0.013375201238199949,0.01581963581803901,0.013207472402006218
finance,change,102,0.0002669649973517005,0.013379408616287064,0.0012399159789011779,0.01320747240200622
finance,change,103,0.013203796279015703,0.01337940954549121,0.012827819865799945,0.01320747240200622
finance,change,104,0.000818195360019555,0.01338168235595372,0.0015089883641498463,0.01320747240200622
finance,change,105,2.424318976018838e-05,0.013381691082503895,0.0006572376303269312,0.01320747240200622
finance,change,106,0.027360313446368426,0.013381691090165291,0.024495554245143016,0.013207472402006221
finance,change,107,-0.012972941125883892,0.013391445753802515,-0.008644988063317769,0.01320747240200622
finance,change,108,0.009970409928796506,0.013393637818197359,0.008050170561594742,0.013207472402006221
finance,change,109,-0.015901896156423508,0.013394932448931727,-0.013568715156786175,0.01320747240200622
finance,change,110,0.014119725183542447,0.013398225082094553,0.012652662047968177,0.013207472402006221
finance,change,111,0.0001455455855099673,0.013400820471816555,0.002136009944029556,0.01320747240200622
finance,change,112,-0.005406553274563311,0.013400820747560577,-0.0028679383913935833,0.01320747240200622
finance,change,113,0.005944459090717119,0.01340120123719844,0.002773012773499359,0.01320747240200622
finance,change,114,-0.014315426304740727,0.013401661189638784,-0.011037573064282168,0.013207472402006221
finance,change,115,0.0012452465481929205,0.013404328331692257,-0.0031663247786456483,0.01320747240200622
finance,change,116,0.0028920772349285717,0.013404348510928876,0.005547074636874761,0.01320747240200622
finance,change,117,0.005821698802912992,0.013404457356740826,0.002040982432995338,0.01320747240200622
finance,change,118,0.0074692194303118365,0.013404898401338504,0.010304856382668308,0.013207472402006218
finance,change,119,0.004723330915119636,0.013405624364484222,0.004823231722330776,0.013207472402006218
finance,change,120,-0.0020498493141143433,0.013405914662736924,-0.0018460810000775962,0.01320747240200622
finance,change,121,0.0005739844560825088,0.013405969337380618,0.0029854972502776377,0.01320747240200622
finance,change,122,0.005821659797549001,0.013405973624261302,0.003076017097814982,0.013207472402006221
finance,change,123,-0.008334198633431718,0.013406414613067553,-0.006256947994893221,0.01320747240200622
finance,change,124,0.004603322588895472,0.013407318345427976,-0.0002576835629905183,0.01320747240200622
finance,change,125,-0.006930074152141983,0.013407594044851114,-0.003969519406818932,0.01320747240200622
finance,change,126,-0.005222913834644652,0.013408218863834202,-0.005723623883788178,0.01320747240200622
finance,change,127,-0.00967804029039655,0.013408573749377501,-0.008687316089893858,0.01320747240200622
finance,change,128,0.002769944479205256,0.013409792211289642,0.004124342674222269,0.01320747240200622
finance,change,129,-3.6963607411811534e-05,0.013409892017573938,-0.0019154231260146263,0.01320747240200622
finance,change,130,-0.021027703978641784,0.013409892035347025,-0.020486449787991207,0.013207472402006221
finance,change,131,0.0037462342187848715,0.01341564252390223,0.0008255067813827356,0.01320747240200622
finance,change,132,-0.023285443723507767,0.013415825003722955,-0.022123819232331553,0.013207472402006218
finance,change,133,0.0008789887003333165,0.013422873184087608,-0.001113275506974157,0.01320747240200622
finance,change,134,0.006614820613198819,0.013422883224703619,0.005841467592309031,0.013207472402006218
finance,change,135,0.001245780467400175,0.013423451842640537,0.0018739970224306533,0.01320747240200622
finance,change,136,-0.015106782534876068,0.013423472010412538,-0.016267441856620622,0.013207472402006218
finance,change,137,0.0036858577815864057,0.013426437323476275,0.0025731445995590086,0.01320747240200622
finance,change,138,0.011863162492110115,0.013426613826816388,0.00960370659578073,0.013207472402006221
finance,change,139,-0.009737083652705413,0.013428442113584536,-0.008576832527236903,0.013207472402006221
finance,change,140,-0.002658821168492652,0.013429673662539485,-0.004654749532281336,0.01320747240200622
finance,change,141,-0.027371755396640034,0.013429765485382463,-0.02631799331745729,0.013207472402006221
finance,change,142,0.00405331608609806,0.01343949338392715,0.0016658246465526328,0.01320747240200622
finance,change,143,0.00033180436877104516,0.013439706626554592,0.0003701268206985294,0.01320747240200622
finance,change,144,0.008447399567206687,0.013439708055493996,0.007185826772815501,0.01320747240200622
finance,change,145,0.0035054964213821673,0.013440634204146887,0.001897237819055024,0.01320747240200622
finance,change,146,0.012231287334066572,0.013440793687787762,0.011341056854011858,0.01320747240200622
finance,change,147,0.0168694569019475,0.013442735143470445,0.017387049311765844,0.013207472402006218
finance,change,148,-0.0022906963265362044,0.013446427421063688,-7.523962266181346e-05,0.01320747240200622
finance,change,149,0.02223709376320138,0.013446495492740877,0.022202290884414985,0.013207472402006218
finance,change,150,0.008201894593744022,0.013452908811284461,0.013235023643020616,0.01320747240200622
finance,change,151,0.02187027079184334,0.013453781054326623,0.02235391784690659,0.013207472402006221
finance,change,152,0.003503371991883017,0.013459981220482536,0.00630931970767947,0.01320747240200622
finance,change,153,0.018026022189930595,0.013460140281922939,0.019802621161736502,0.013207472402006221
finance,change,154,0.01930880527010656,0.013464350666063149,0.021133885724877573,0.013207472402006218
finance,change,155,0.001064635553659184,0.013469179996663928,0.0008313464900938315,0.01320747240200622
finance,change,156,0.008570724978509265,0.013469194675781917,0.00792488140413729,0.01320747240200622
finance,change,157,-0.011748110166383885,0.013470145975956232,-0.008430892248478575,0.01320747240200622
finance,change,158,0.016625292804447234,0.013471933180798482,0.013984538169654498,0.01320747240200622
finance,change,159,0.0007601964329068052,0.013475511593564395,0.005394127802379873,0.013207472402006221
finance,change,160,0.002956893203129526,0.013475519074323952,0.003193493683725895,0.01320747240200622
finance,change,161,0.006555660234797998,0.01347563225267829,0.008366169989350573,0.013207472402006218
finance,change,162,-0.0016209701372081123,0.01347618855924028,-0.0012714749060618793,0.01320747240200622
finance,change,163,0.002956869799911133,0.013476222570430062,0.002884758139114769,0.013207472402006218
finance,change,164,-0.006074724512706427,0.013476335741084769,-0.003998618152204329,0.01320747240200622
finance,change,165,-0.0032692119095613288,0.013476813394712161,-0.004496846003505008,0.013207472402006218
finance,change,166,0.0007594518847340335,0.013476951731002232,0.002982924067000491,0.01320747240200622
finance,change,167,0.008447910083195556,0.013476959196317601,0.005429587129180618,0.01320747240200622
finance,change,168,0.00722751085362524,0.013477882896847714,0.012748133110254585,0.013207472402006218
finance,change,169,-0.0011938877447435635,0.013478558955473084,-0.0020532117740561353,0.01320747240200622
finance,change,170,-0.007356872259728788,0.013478577402341605,-0.006473849354577666,0.013207472402006221
finance,change,171,0.0035046036528262594,0.013479277841654,0.003076616244925005,0.013207472402006221
finance,change,172,-0.00564764992131467,0.013479436787087974,-0.0032173168448703807,0.01320747240200622
finance,change,173,0.0038713954198931044,0.013479849546100615,0.005785919016598137,0.01320747240200622
finance,change,174,-0.008331146784828403,0.013480043494552953,-0.008885432418234196,0.013207472402006218
finance,change,175,0.013270463639167914,0.013480941632891003,0.01882828061192339,0.013207472402006218
finance,change,176,0.010096748183338403,0.013483220162558839,0.011135229221490588,0.01320747240200622
finance,change,177,-0.00027727670062642425,0.013484538988886649,0.004041486637944467,0.01320747240200622
finance,change,178,0.010277721473477858,0.013484539983444524,0.00924983037837981,0.013207472402006221
finance,change,179,0.0016115546487463566,0.013485906374384146,0.003718786606312835,0.013207472402006218
finance,change,180,-0.005589452521124937,0.01348593996738625,-0.003937146712606821,0.01320747240200622
finance,change,181,-0.015597359976540513,0.013486344068677204,-0.012212203861517747,0.013207472402006221
finance,change,182,-0.015108521265551112,0.01348949034399493,-0.01614657360551041,0.013207472402006218
finance,change,183,0.0013064255873307974,0.013492441827045811,0.002043634855442852,0.01320747240200622
finance,change,184,-0.0016218317014728345,0.013492463892753973,-0.00045456936672772,0.01320747240200622
finance,change,185,0.0027112400092837224,0.013492497899038353,0.0006171513792008075,0.01320747240200622
finance,change,186,0.00045281812482733734,0.013492592933575638,0.0030370302739425046,0.01320747240200622
finance,change,187,0.013327939894403269,0.013492595584464785,0.010454086142384293,0.013207472402006218
finance,change,188,0.002649507093977261,0.013494891907679605,0.0030081076375492533,0.01320747240200622
finance,change,189,-0.017731037563003954,0.013494982647669525,-0.01898399801802671,0.013207472402006221
finance,change,190,-0.009615442364568306,0.013499045864669339,-0.006353625373595135,0.01320747240200622
finance,change,191,-0.002354811106744113,0.013500240555887602,-0.0010823485637209559,0.01320747240200622
finance,change,192,-0.00272024639570297,0.013500312204686647,-0.003832694759652822,0.01320747240200622
finance,change,193,-0.00308637162532502,0.013500407816281155,-0.0018180249912003613,0.01320747240200622
finance,change,194,0.0001483477997837715,0.013500530896140584,-0.0033599663117229984,0.01320747240200622
finance,change,195,-0.007539436060160144,0.013500531180488988,-0.006555941088802799,0.01320747240200622
finance,change,196,0.01857693270861377,0.013501265617373422,0.01570359174525794,0.013207472402006218
finance,change,197,-0.0044884730910619616,0.013505723629687723,-0.0030070506044920517,0.01320747240200622
finance,change,198,-0.012482044748793454,0.01350598383408615,-0.013770595227212645,0.013207472402006221
finance,change,199,-0.005402402383254306,0.01350799594686549,-0.005976789275485582,0.013207472402006218
finance,change,200,-0.009123914100581318,0.013508372838328234,-0.00804632401459897,0.01320747240200622
finance,change,201,-0.0014964754735446782,0.013509447771540041,-0.0024807355515282163,0.013207472402006218
finance,change,202,-0.004608481417286125,0.013509476687696706,-0.002853675892996669,0.013207472402006218
finance,change,203,0.018274540006632582,0.013509750915933282,0.01296669705355163,0.01320747240200622
finance,change,204,-0.006315665138001853,0.013514062289921268,-0.006114893560178057,0.01320747240200622
finance,change,205,0.0011280248340969695,0.013514577143131737,-0.0004762532369323107,0.01320747240200622
finance,change,206,0.00338574117574457,0.013514593566945822,0.0015303885027351338,0.01320747240200622
finance,change,207,0.009305321743547888,0.013514741526007158,0.007689118908168823,0.013207472402006221
finance,change,208,-0.01382179356821592,0.013515859100578448,-0.015128400516222029,0.01320747240200622
finance,change,209,-0.013454994000076274,0.013518324486805473,-0.011347626588447665,0.013207472402006218
finance,change,210,0.010769768054526506,0.01352066034274156,0.009721291007538706,0.013207472402006218
finance,change,211,-0.007110354055361197,0.013522156682412034,-0.005492337331285422,0.01320747240200622
finance,change,212,0.015344840427920198,0.01352280885935439,0.013675431925144777,0.01320747240200622
finance,change,213,-0.013943871716429657,0.013525845885298721,-0.01270137784896579,0.013207472402006221
finance,change,214,-0.003692591518123365,0.013528353157558699,-0.006790650875618361,0.013207472402006221
finance,change,215,0.002409357823291389,0.013528528971862503,0.0030482001259192664,0.01320747240200622
finance,change,216,-0.0021067882038853856,0.013528603821595153,-0.0013596252770975566,0.01320747240200622
finance,change,217,0.00869435807790797,0.013528661052061174,0.008683322298668233,0.013207472402006221
finance,change,218,-0.00558560931791208,0.013529635691563544,-0.0001667351435061133,0.01320747240200622
finance,change,219,0.019127309308089705,0.013530037934083883,0.016109257743508514,0.013207472402006218
finance,change,220,0.00631250156712986,0.013534753919895188,0.008557636143726339,0.01320747240200622
finance,change,221,-0.008637991173700626,0.013535267471177932,-0.010129887968533619,0.013207472402006218
finance,change,222,-0.02724965820002364,0.01353622904507847,-0.026051388948459604,0.013207472402006218
finance,change,223,0.0030777509377298796,0.013545794605619377,0.0009638387712930207,0.01320747240200622
finance,change,224,0.0036282991608073438,0.013545916588792605,0.00043992952554901445,0.01320747240200622
finance,change,225,-0.006745035782494292,0.013546086114078645,-0.004203441823747155,0.01320747240200622
finance,change,226,0.006192485439832904,0.013546671961761195,0.0029875061910709455,0.01320747240200622
finance,change,227,-0.012845628645801053,0.013547165736516827,-0.011477796945480834,0.013207472402006221
finance,change,228,-0.007964070732883808,0.013549290289921247,-0.009443539102217272,0.01320747240200622
finance,change,229,-0.0022275488793551193,0.013550106834702019,-0.0013065678940276076,0.01320747240200622
finance,change,230,0.0005793436051163583,0.013550170712533725,-0.004119176652308922,0.01320747240200622
finance,change,231,0.0049727449466345965,0.013550175033362165,0.004957029153769612,0.01320747240200622
finance,change,232,-0.0035706927945839606,0.01355049336645341,-0.0037799687813848772,0.01320747240200622
finance,change,233,-0.0035110609055582632,0.013550657495958508,-0.0027874235225018823,0.013207472402006218
finance,change,234,-0.00979815438538281,0.013550816187302667,-0.010472579394209872,0.013207472402006221
finance,change,235,-0.006930242329486459,0.013552051971744444,-0.00953109561250825,0.01320747240200622
finance,change,236,-0.0032683859044035342,0.013552670160785235,-0.004182124495707626,0.01320747240200622
finance,change,237,0.0080826264608769,0.013552807653285539,0.008960116421654335,0.01320747240200622
finance,change,238,-0.010162233196233682,0.013553648470692466,-0.009045352333910168,0.01320747240200622
finance,change,239,0.005580808430311408,0.013554977517347813,0.0030588731307163415,0.01320747240200622
finance,change,240,0.00094331320094807,0.013555378318010933,0.001977067893118496,0.01320747240200622
finance,change,241,-0.002229712314218258,0.013555389768905649,-0.001949821842380302,0.01320747240200622
finance,change,242,0.00289385406240892,0.013555453745932543,0.00991449362086889,0.01320747240200622
finance,change,243,0.007653372832476409,0.013555561510723194,0.010069578996948225,0.013207472402006221
finance,change,244,-0.002170096027338152,0.013556315240336587,-0.0009982906782389092,0.01320747240200622
finance,change,245,0.005335303456848738,0.013556375837835212,0.00988013826980372,0.01320747240200622
finance,change,246,0.003505398453692867,0.013556742113620202,0.0021849279468931396,0.01320747240200622
finance,change,247,0.002285689164785753,0.013556900222527793,0.004484824985540185,0.01320747240200622
finance,change,248,-0.005829921635795484,0.013556967444660426,-0.008280847683033776,0.013207472402006218
finance,change,249,0.004420668621847609,0.013557404760593122,0.008461934268691395,0.01320747240200622
finance,change,250,0.007228940987645468,0.013557656200817812,0.004686734761203038,0.01320747240200622
finance,change,251,0.011197275151179147,0.013558328547703192,0.013990162617291378,0.013207472402006218
finance,change,252,0.0035691309813337263,0.013559941539423637,0.0020512040190580638,0.01320747240200622
finance,change,253,-0.013637016080227585,0.013560105411121962,-0.014447777785174169,0.01320747240200622
finance,change,254,-0.006010267393854131,0.01356249749695475,-0.006358535699452521,0.01320747240200622
finance,change,255,0.0020443082331566423,0.013562962097699962,-0.0005558507670689745,0.01320747240200622
finance,change,256,0.0014951242892599615,0.0135630158474898,0.0015569569119055614,0.01320747240200622
finance,change,257,0.0009452504047000968,0.013563044597452669,-0.005022015955927731,0.01320747240200622
finance,change,258,-0.00039718796771996657,0.013563056088928126,0.0014988232589081805,0.01320747240200622
finance,change,259,0.004363020743010721,0.013563058117890537,0.00010851015485377764,0.01320747240200622
finance,change,260,-0.0015551955456118102,0.0135633029410154,-0.003371512929697365,0.013207472402006221
finance,change,261,-0.006435389179348269,0.013563334046965511,-0.0063115227451325554,0.01320747240200622
finance,change,262,0.0002157363048903634,0.013563866662796176,-0.0005571988787532883,0.01320747240200622
finance,change,263,-0.00875414849563913,0.013563867261348846,-0.007810355270942619,0.01320747240200622
finance,change,264,-0.004909923296944771,0.013564852787003166,-0.008331984611174362,0.013207472402006218
finance,change,265,-0.008326337157147406,0.013565162792069506,-0.009201511380345495,0.01320747240200622
finance,change,266,0.005097960755252412,0.013566054264935566,0.0006550667066272312,0.01320747240200622
finance,change,267,-0.00582386039020991,0.013566388439584597,-0.005043361806296805,0.01320747240200622
finance,change,268,-0.010278296905298618,0.01356682454362122,-0.012257748780374092,0.01320747240200622
finance,change,269,0.006257309209106659,0.013568182800126123,0.004396339235249379,0.01320747240200622
finance,change,270,-0.0008202789365885098,0.013568686167328092,-0.00042450650482174057,0.01320747240200622
finance,change,271,0.002901217178592909,0.013568694817497385,-0.00041346306032681443,0.01320747240200622
finance,change,272,0.0031452876632196087,0.01356880302567878,0.0037472491037168925,0.01320747240200622
finance,change,273,0.010527958063893563,0.01356893020502657,0.0076853868878631135,0.01320747240200622
finance,change,274,0.014250834060401358,0.013570355022743414,0.01865996533497653,0.013207472402006221
finance,change,275,-0.003628598108823149,0.013572965302249607,-0.0025720008192005902,0.013207472402006218
finance,change,276,-0.012598482909352646,0.013573134517584368,-0.012034969455726387,0.013207472402006218
finance,change,277,0.0014360107172959238,0.013575174202774517,0.0031671114512940106,0.01320747240200622
finance,change,278,0.0015573521184096897,0.01357520070052162,-0.0001946820158055383,0.01320747240200622
finance,change,279,-0.008999041539166574,0.01357523186546212,-0.008706720475509815,0.01320747240200622
finance,change,280,-0.010523848685198062,0.013576272427640241,-0.011155635123027757,0.01320747240200622
finance,change,281,-0.009424814259959913,0.013577695363456464,-0.006317713525309812,0.013207472402006218
finance,change,282,0.0007668262482478834,0.013578836508146239,0.0003571650273803482,0.01320747240200622
finance,change,283,-0.0055175074689239045,0.013578844062036723,-0.006095205961342741,0.013207472402006218
finance,change,284,-0.002099729329540479,0.013579235133591896,-0.00364836289174188,0.013207472402006218
finance,change,285,-0.013877204356277442,0.013579291769235322,-0.013100858455717793,0.013207472402006221
finance,change,286,-0.010093998729007956,0.013581765353548374,-0.008059410167549389,0.01320747240200622
finance,change,287,0.0174258201825381,0.013583073898876943,0.017336874281809064,0.013207472402006218
finance,change,288,-0.00429715504579038,0.013586973008878376,-0.0016750253571444784,0.01320747240200622
finance,change,289,0.019682148841786515,0.013587210077988642,0.016914309225616594,0.013207472402006221
finance,change,290,-0.008569920529003641,0.01359218257688067,-0.007213443595339894,0.01320747240200622
finance,change,291,0.008515551668888706,0.013593125092934267,0.009020607031875611,0.01320747240200622
finance,change,292,0.0052218668921990155,0.013594055623883425,0.0042074422554786006,0.01320747240200622
finance,change,293,-0.0007587488491747714,0.013594405517795873,-0.0019689698025719704,0.01320747240200622
finance,change,294,0.00027857606397531723,0.013594412904916245,-0.0010369655213230025,0.01320747240200622
finance,change,295,-0.002772410308341258,0.01359441390070346,0.0020459932330416136,0.01320747240200622
finance,change,296,-0.0035649825972742443,0.01359451252691923,-0.006871538507581353,0.01320747240200622
finance,change,297,0.0009497679464305537,0.013594675602152334,0.0004222405379984625,0.01320747240200622
finance,change,298,0.014313046287405491,0.013594687176736758,0.01049585296651914,0.01320747240200622
finance,change,299,-0.003810464167518524,0.013597315582285116,-0.0017097047699184233,0.01320747240200622
finance,change,300,-0.009850029658327606,0.013597501850621514,-0.013722882452701163,0.013207472402006221
finance,volatility,1,0.9451903664729588,0.01320747240200626,0.9452332887002179,0.01320747240200626
finance,volatility,2,0.904895536626622,0.022048053219230646,0.10805706946979442,0.013207472402006218
finance,volatility,3,0.8701551081887856,0.02778106826057014,0.04894190868349527,0.013207472402006218
finance,volatility,4,0.8371438801894449,0.032186101740533934,0.013964423414852966,0.01320747240200622
finance,volatility,5,0.8046042523096937,0.03578323558120078,-0.0033609209913122115,0.01320747240200622
finance,volatility,6,0.7734270247754238,0.038811045006233,0.0003230922498101854,0.01320747240200622
finance,volatility,7,0.7438741976530737,0.041412441629257724,0.0036486468918130732,0.013207472402006218
finance,volatility,8,0.715683770876205,0.04368111377662687,0.0031145602488159246,0.013207472402006218
finance,volatility,9,0.6871789440196099,0.04568078847936208,-0.012115172203104749,0.013207472402006218
finance,volatility,10,0.6591981172958923,0.04744974443101213,-0.008660156017592933,0.013207472402006221
finance,volatility,11,0.6313744906120377,0.04902120961127454,-0.012294121604457931,0.01320747240200622
finance,volatility,12,0.6041796640876361,0.05041976004154525,-0.008687911143321883,0.01320747240200622
finance,volatility,13,0.5771420376030978,0.05166723321024713,-0.012189229603011198,0.01320747240200622
finance,volatility,14,0.550576011238149,0.05277983202909331,-0.010231312006485468,0.013207472402006221
finance,volatility,15,0.5245339850060777,0.05377235738789987,-0.00955211479456513,0.013207472402006218
finance,volatility,16,0.4981251586809923,0.05465761028075192,-0.017803178944641264,0.013207472402006218
finance,volatility,17,0.4726071325817984,0.05544384697074051,-0.008236430181019922,0.01320747240200622
finance,volatility,18,0.447663921922165,0.05614217610828598,-0.009116279452450748,0.013207472402006218
finance,volatility,19,0.423611511488423,0.056761425819132294,-0.005543612087126956,0.01320747240200622
finance,volatility,20,0.3988255008686528,0.05731024228620141,-0.01982539380117321,0.013207472402006221
finance,volatility,21,0.39017869434150687,0.05779235671344979,0.13697283911941446,0.013207472402006225
finance,volatility,22,0.38242268804025253,0.058250055513166143,0.04176336637443974,0.013207472402006218
finance,volatility,23,0.3756106743314797,0.05868637727847831,0.028774192262479747,0.013207472402006221
finance,volatility,24,0.36890346064928253,0.059104240905891225,0.01179515993097224,0.013207472402006221
finance,volatility,25,0.36287744713982595,0.059504533963442796,0.009867642673187058,0.013207472402006218
finance,volatility,26,0.35685143363036936,0.05988930949041821,0.004200413339659237,0.01320747240200622
finance,volatility,27,0.35051102004118634,0.06025907497977023,0.0003286663951615884,0.01320747240200622
finance,volatility,28,0.34296540614638527,0.06061367957035463,-0.01023104471750303,0.013207472402006218
finance,volatility,29,0.33541979225158414,0.06095124794804535,-0.007140695391341911,0.01320747240200622
finance,volatility,30,0.3286077785428115,0.061272385874660884,0.001615401996505636,0.01320747240200622
finance,volatility,31,0.32263416504664266,0.06157903724280367,0.004540863619942318,0.01320747240200622
finance,volatility,32,0.31639855148403506,0.06187320234916599,-0.002969647543936684,0.01320747240200622
finance,volatility,33,0.3092197376822482,0.06215479328248208,-0.013117632180387483,0.013207472402006221
finance,volatility,34,0.3032985241993672,0.062422565007862044,0.00527750868756152,0.01320747240200622
finance,volatility,35,0.29753292604974463,0.0626791001834549,4.046646594920821e-05,0.01320747240200622
finance,volatility,36,0.2921873203597262,0.06292498726562297,0.0009208001798882914,0.01320747240200622
finance,volatility,37,0.28589851443052866,0.06316121158065252,-0.009293989459390781,0.013207472402006221
finance,volatility,38,0.2787713082887271,0.06338655181569336,-0.012252143224703768,0.01320747240200622
finance,volatility,39,0.27143370974047226,0.06360005661494872,-0.006423271696839874,0.01320747240200622
finance,volatility,40,0.26414851120550514,0.06380181016830622,-0.004664119976448812,0.013207472402006218
finance,volatility,41,0.2582257130160193,0.06399229260618222,0.031797337725964894,0.013207472402006218
finance,volatility,42,0.2527221149328354,0.06417380038594639,0.01626316474854651,0.013207472402006221
finance,volatility,43,0.24706052445648594,0.06434717356236054,0.00844071135348634,0.01320747240200622
finance,volatility,44,0.24276212667892005,0.0645124303647804,0.016740371887706173,0.013207472402006221
finance,volatility,45,0.23846293654805187,0.06467158617685262,0.006690824665987442,0.01320747240200622
finance,volatility,46,0.23531813141611868,0.06482478435426692,0.014248650497981337,0.01320747240200622
finance,volatility,47,0.23201612624432225,0.06497362133231463,0.0029961932578638204,0.01320747240200622
finance,volatility,48,0.2298145213515684,0.065117984528171,0.009777778966040864,0.01320747240200622
finance,volatility,49,0.22729851637908818,0.0652593106321889,-0.0010530795223781036,0.01320747240200622
finance,volatility,50,0.2252017115129098,0.06539726369725057,0.00601988416388339,0.01320747240200622
finance,volatility,51,0.22263330652714172,0.06553240084173692,-0.0008455534307444884,0.01320747240200622
finance,volatility,52,0.21980290147493498,0.06566420438778381,-0.0029635626312963176,0.01320747240200622
finance,volatility,53,0.21833489676820952,0.0657924237973668,0.009307786256827915,0.013207472402006221
finance,volatility,54,0.21519009163627636,0.0659186917973241,-0.011085714313163159,0.013207472402006218
finance,volatility,55,0.21215008653091869,0.0660411174086838,-0.0012713657007334296,0.01320747240200622
finance,volatility,56,0.20973888158501386,0.06615989132507738,0.004567082708153678,0.013207472402006221
finance,volatility,57,0.2084804769314393,0.06627577502531432,0.009372263640241707,0.01320747240200622
finance,volatility,58,0.20816685722364894,0.0663900736654798,0.009783739468406936,0.01320747240200622
finance,volatility,59,0.20685763726339143,0.06650383312540589,-0.005765414673917708,0.01320747240200622
finance,volatility,60,0.20439561701080358,0.0666159755274848,-0.011337954156664743,0.01320747240200622
finance,volatility,61,0.2021955968246545,0.06672528254094268,0.005493667000066705,0.01320747240200622
finance,volatility,62,0.20004797665179314,0.06683207608164704,0.004872287298417657,0.01320747240200622
finance,volatility,63,0.19863395666496014,0.06693644803469329,0.010930491939420034,0.01320747240200622
finance,volatility,64,0.19454753600045238,0.06703919063912256,-0.01654108870358929,0.013207472402006221
finance,volatility,65,0.19098511546882202,0.0671376016026226,0.0018948677759303557,0.01320747240200622
finance,volatility,66,0.18595549456513494,0.06723230519354018,-0.01190452220516398,0.013207472402006221
finance,volatility,67,0.18087347364816006,0.06732196338416646,-0.004988913112951078,0.01320747240200622
finance,volatility,68,0.17579145273118515,0.0674066781757944,-0.0009860118975785457,0.01320747240200622
finance,volatility,69,0.17149543201352643,0.06748660169806078,0.005030614396587042,0.01320747240200622
finance,volatility,70,0.1675662113888819,0.06756257877474203,0.00531035698504655,0.013207472402006221
finance,volatility,71,0.16389978318397844,0.06763503459799691,0.002360420372272825,0.01320747240200622
finance,volatility,72,0.15991895489934846,0.06770428179505658,-0.00383252195888326,0.013207472402006221
finance,volatility,73,0.1561477266678695,0.06777014031979761,0.0022541973580796513,0.01320747240200622
finance,volatility,74,0.15195729833008864,0.06783286976130859,-0.007309696376137468,0.01320747240200622
finance,volatility,75,0.14949607043080318,0.06789222408979645,0.01448808293029931,0.013207472402006218
finance,volatility,76,0.14661564242521583,0.06794962190994189,0.0012938826866968458,0.01320747240200622
finance,volatility,77,0.14368281440634073,0.06800478349662992,0.0032598795127259913,0.01320747240200622
finance,volatility,78,0.13970040141510603,0.06805771821660048,-0.00775707197180008,0.01320747240200622
finance,volatility,79,0.13592758847702233,0.0681077214208077,-0.0030687969878099835,0.01320747240200622
finance,volatility,80,0.13309797577811794,0.06815502647025395,0.0029657425611101457,0.01320747240200622
finance,volatility,81,0.13089716323866646,0.06820035170356586,0.00796780305887887,0.013207472402006218
finance,volatility,82,0.12895835076565376,0.0682441617599254,0.005237647628532423,0.01320747240200622
finance,volatility,83,0.12686233825277773,0.06828665674355502,0.0018507551202708876,0.01320747240200622
finance,volatility,84,0.12560472595250557,0.06832775641235098,0.0018153788972531558,0.01320747240200622
finance,volatility,85,0.12429471363894572,0.06836802128036723,0.00023439912658182124,0.01320747240200622
finance,volatility,86,0.12502830184360778,0.06840742766451416,0.017685922059816794,0.013207472402006221
finance,volatility,87,0.12623349016785942,0.06844727748333543,0.010351294379408588,0.013207472402006221
finance,volatility,88,0.1266002782795073,0.0684878753907098,-0.002517951044312041,0.013207472402006221
finance,volatility,89,0.1278046742504566,0.06852868530456957,0.010977135486758476,0.013207472402006221
finance,volatility,90,0.12900907022140595,0.06857025040282627,0.005710495781521901,0.01320747240200622
finance,volatility,91,0.12937506597975143,0.06861257668873891,-0.0019544712460771354,0.01320747240200622
finance,volatility,92,0.130527061937413,0.06865511715548236,0.008034295862429068,0.01320747240200622
finance,volatility,93,0.1319410579615133,0.06869839152871612,0.007574676391501907,0.01320747240200622
finance,volatility,94,0.13372185407862777,0.06874258042211995,0.004985171197654916,0.01320747240200622
finance,volatility,95,0.1350834500894403,0.06878794063771562,0.004156645515002981,0.01320747240200622
finance,volatility,96,0.1349254457149084,0.06883419848348188,-0.01132810297966481,0.013207472402006221
finance,volatility,97,0.13508184142010288,0.06888031722236532,0.0012265520558779749,0.01320747240200622
finance,volatility,98,0.13508103708543417,0.06892651197265048,-0.0029152951217306256,0.01320747240200622
finance,volatility,99,0.13487063269761448,0.06897267523423495,-0.0025509054385737134,0.01320747240200622
finance,volatility,100,0.13486982836294575,0.06901866406618967,0.0039544693411556146,0.01320747240200622
finance,volatility,101,0.13544542417444222,0.06906462172707117,0.00938548854820651,0.01320747240200622
finance,volatility,102,0.13397741946771674,0.06911094154578346,-0.01450636485302741,0.013207472402006221
finance,volatility,103,0.1327190148141422,0.06915623271676219,-0.0003228942446061089,0.01320747240200622
finance,volatility,104,0.13214181033330835,0.06920064825760547,0.007195555926823651,0.01320747240200622
finance,volatility,105,0.13067380562658285,0.06924465018622708,-0.005405492349120732,0.01320747240200622
finance,volatility,106,0.12873420080026776,0.06928765285843741,-0.00010386936336073937,0.01320747240200622
finance,volatility,107,0.12752819615998098,0.06932936291290112,0.007937974273921344,0.013207472402006218
finance,volatility,108,0.12642699154626968,0.0693702707519896,0.0025782347718088217,0.01320747240200622
finance,volatility,109,0.12574498703886033,0.0694104516725812,0.008197943998381462,0.01320747240200622
finance,volatility,110,0.12422458231884716,0.06945017738112443,-0.0026057378927820817,0.013207472402006221
finance,volatility,111,0.12432857801075392,0.06948892633809406,0.013866356577601126,0.013207472402006221
finance,volatility,112,0.1244317813493583,0.06952771855054857,0.006802451606373072,0.01320747240200622
finance,volatility,113,0.12401098455508526,0.06956655350591621,0.0004823763630091315,0.01320747240200622
finance,volatility,114,0.12270017988822306,0.06960510479709756,-0.005593288103262902,0.01320747240200622
finance,volatility,115,0.12207057539410142,0.06964282474392466,0.0061107315902529874,0.01320747240200622
finance,volatility,116,0.12196497103285722,0.069680138476958,0.0022871891447515886,0.01320747240200622
finance,volatility,117,0.12149256657859882,0.06971736775795757,-0.0006157366395067873,0.01320747240200622
finance,volatility,118,0.12170136229708109,0.06975428955846522,0.006241914018661344,0.01320747240200622
finance,volatility,119,0.12143855789597366,0.06979131874108255,-0.003143126882037583,0.01320747240200622
finance,volatility,120,0.12101855345500302,0.06982816866391214,-0.0006356683648461296,0.01320747240200622
finance,volatility,121,0.12054614900074463,0.06986474489552862,0.0009179208028572015,0.01320747240200622
finance,volatility,122,0.11981174448004756,0.06990101721301714,-0.006123640296547728,0.01320747240200622
finance,volatility,123,0.120177740238393,0.06993683044136617,0.009461497959784133,0.013207472402006218
finance,volatility,124,0.11902413561139398,0.06997284430696042,-0.009781933222604136,0.013207472402006218
finance,volatility,125,0.11802773102425816,0.07000815208690953,-0.001523714687886481,0.01320747240200622
finance,volatility,126,0.11572211845823124,0.07004285383105938,-0.01437830100714591,0.01320747240200622
finance,volatility,127,0.11263050569288816,0.07007619685497862,-0.008683049879257798,0.01320747240200622
finance,volatility,128,0.10901410044136531,0.07010776747782363,-0.009840326519192824,0.013207472402006218
finance,volatility,129,0.10476889503038955,0.07013733038096429,-0.007297290415837769,0.01320747240200622
finance,volatility,130,0.09963288939352223,0.07016462458438488,-0.014295869753242181,0.01320747240200622
finance,volatility,131,0.09470648380980584,0.07018929919520048,-0.0003906657609087301,0.01320747240200622
finance,volatility,132,0.09061847843869332,0.07021158657414099,0.006548084752819076,0.01320747240200622
finance,volatility,133,0.08647807305429304,0.07023198520810034,-0.0009023543005160172,0.01320747240200622
finance,volatility,134,0.08259966773633151,0.07025055722493925,-0.0008762103756765441,0.01320747240200622
finance,volatility,135,0.07835446232535573,0.07026749646388808,-0.004016549949498664,0.01320747240200622
finance,volatility,136,0.07348045675492712,0.07028273577451341,-0.008332155803263358,0.01320747240200622
finance,volatility,137,0.06996885152997974,0.07029613541240078,0.009327942990678502,0.01320747240200622
finance,volatility,138,0.06645645395172999,0.0703082827175894,0.0019170408606007272,0.01320747240200622
finance,volatility,139,0.06430645671896151,0.07031923925746017,0.01200946747827445,0.013207472402006218
finance,volatility,140,0.062156459486193034,0.07032949678630768,0.0018217378979513902,0.01320747240200622
finance,volatility,141,0.06068766242616522,0.07033907853701496,0.00896871547065039,0.01320747240200622
finance,volatility,142,0.059271265379425106,0.07034821157731894,0.0008582690825367492,0.01320747240200622
finance,volatility,143,0.056911668093505674,0.07035692217337314,-0.0067538188711114356,0.01320747240200622
finance,volatility,144,0.0546568708341617,0.07036495207895499,-0.005100929681502112,0.013207472402006221
finance,volatility,145,0.053397673827284824,0.07037235749910299,0.004868605750419612,0.01320747240200622
finance,volatility,146,0.052504484560119774,0.0703794249075713,-0.0006842151920709925,0.01320747240200622
finance,volatility,147,0.050982495133501816,0.07038625718399602,-0.010082456596062397,0.013207472402006218
finance,volatility,148,0.05061330599921417,0.07039269848883799,0.004273072431593252,0.01320747240200622
finance,volatility,149,0.05092690174427191,0.07039904626552661,0.004300053019700133,0.01320747240200622
finance,volatility,150,0.052864897901249604,0.07040547236344019,0.013461820501668097,0.01320747240200622
finance,volatility,151,0.05433129393863764,0.07041239619427464,0.001472360143597756,0.01320747240200622
finance,volatility,152,0.05401608952424247,0.07041970872738185,-0.014059129259132346,0.01320747240200622
finance,volatility,153,0.05474888537560212,0.07042693591276476,0.006213518640061268,0.01320747240200622
finance,volatility,154,0.05569128128011276,0.07043435974765444,0.0035181963477825644,0.013207472402006221
finance,volatility,155,0.0554292692323077,0.07044204053238012,-0.009364504263481661,0.01320747240200622
finance,volatility,156,0.05574365733066778,0.07044964838954318,0.0027850715628706837,0.013207472402006218
finance,volatility,157,0.055010045163273055,0.07045734195758686,-0.0078192893722097,0.013207472402006218
finance,volatility,158,0.054643233088892545,0.0704648335490031,0.0021528193373434334,0.01320747240200622
finance,volatility,159,0.054066820961361055,0.07047222478368086,0.0016250645340398352,0.01320747240200622
finance,volatility,160,0.05438120905972113,0.07047946015487776,0.01037571533823826,0.01320747240200622
finance,volatility,161,0.055009997237807674,0.07048677915953772,0.010261670728673266,0.01320747240200622
finance,volatility,162,0.05380478495082328,0.07049426760954601,-0.01417416515307331,0.013207472402006221
finance,volatility,163,0.05233757259740019,0.07050143078116285,-0.007174661527904051,0.01320747240200622
finance,volatility,164,0.050922760257264846,0.07050820794168142,-0.00505709886610253,0.01320747240200622
finance,volatility,165,0.04976994798356819,0.07051462304807624,0.0027340025249143474,0.013207472402006218
finance,volatility,166,0.049403135909187657,0.07052075044113311,0.008132032808744334,0.01320747240200622
finance,volatility,167,0.05060832423343935,0.07052678732670968,0.01679344449956349,0.013207472402006221
finance,volatility,168,0.05333311294303554,0.07053312178868769,0.023613323176097607,0.013207472402006218
finance,volatility,169,0.0561627016792072,0.07054015605050232,0.011332877889434288,0.013207472402006218
finance,volatility,170,0.05867789033565243,0.07054795569809372,0.007464322501269644,0.01320747240200622
finance,volatility,171,0.06161227909839959,0.07055646860277182,0.008615333017869199,0.013207472402006221
finance,volatility,172,0.06370826764854289,0.07056585304046017,-0.0060447828752229526,0.01320747240200622
finance,volatility,173,0.06669505642457778,0.07057588545684432,0.011855083968476584,0.01320747240200622
finance,volatility,174,0.07015344532020236,0.0705868789713385,0.01013334889721438,0.013207472402006218
finance,volatility,175,0.07376903425569015,0.07059904016048293,0.004721435790025784,0.013207472402006218
finance,volatility,176,0.07565542275268246,0.07061248474768718,-0.014649424512228676,0.01320747240200622
finance,volatility,177,0.07738461120981158,0.07062662296259883,-0.005571858415019906,0.013207472402006218
finance,volatility,178,0.07979499983968132,0.07064141182355452,0.0066602624016634,0.01320747240200622
finance,volatility,179,0.08157658831009817,0.07065713292922157,-0.0014622918417313494,0.01320747240200622
finance,volatility,180,0.08314857672736402,0.07067356014672214,0.0027421756763507574,0.01320747240200622
finance,volatility,181,0.08409176498517702,0.07069062252916761,-0.004160409099986468,0.01320747240200622
finance,volatility,182,0.08545415334929195,0.07070806993896407,-0.0015729809491669613,0.01320747240200622
finance,volatility,183,0.08671174168683142,0.07072608274936629,-0.0016362863347861864,0.01320747240200622
finance,volatility,184,0.08938413038313985,0.07074462484056106,0.014496702371997117,0.013207472402006221
finance,volatility,185,0.09106091882698121,0.07076432212510593,-0.0020246250586473872,0.01320747240200622
finance,volatility,186,0.09247570720438388,0.07078475956155178,0.0022603768566146153,0.01320747240200622
finance,volatility,187,0.09200409510342787,0.07080583081395286,-0.011505356128332034,0.013207472402006218
finance,volatility,188,0.08996048260383961,0.07082668152054257,-0.012043578550291426,0.013207472402006221
finance,volatility,189,0.08692126985178429,0.07084661049667369,-0.00861521876345026,0.01320747240200622
finance,volatility,190,0.08346285699342702,0.07086521060463952,-0.007467646383702806,0.01320747240200622
finance,volatility,191,0.07895644386931495,0.0708823557156695,-0.011081466881171682,0.013207472402006218
finance,volatility,192,0.07471203081164157,0.07089769586011774,-0.0055025261571860105,0.01320747240200622
finance,volatility,193,0.06910521740848695,0.07091142825640671,-0.013921448178392169,0.013207472402006221
finance,volatility,194,0.0620828112932609,0.07092317476760815,-0.019226098772410008,0.013207472402006218
finance,volatility,195,0.05658000556337938,0.07093265382132173,0.004890842989206063,0.01320747240200622
finance,volatility,196,0.05207280008596493,0.0709405260026355,0.0022906998331181823,0.01320747240200622
finance,volatility,197,0.04798479471485241,0.07094719324855817,0.00268973596696123,0.01320747240200622
finance,volatility,198,0.044106389396890856,0.07095285426167137,0.0016287179054786532,0.01320747240200622
finance,volatility,199,0.040070784039066075,0.07095763679418543,-0.00395887283404933,0.01320747240200622
finance,volatility,200,0.03624477873439224,0.07096158394646575,-0.0006251344398776291,0.01320747240200622
finance,volatility,201,0.033938373815062935,0.07096481316284761,0.01269879974797546,0.013207472402006221
finance,volatility,202,0.03121276878943166,0.07096764435766537,-0.0019995283218916227,0.01320747240200622
finance,volatility,203,0.02817197133077159,0.0709700389759675,-0.0034794856745244598,0.01320747240200622
finance,volatility,204,0.02555037397841345,0.07097198968676095,0.00383223424710799,0.01320747240200622
finance,volatility,205,0.023662376812083687,0.07097359419538717,0.004212945845316499,0.01320747240200622
finance,volatility,206,0.021825987305739297,0.0709749703117106,0.0012401517502117973,0.01320747240200622
finance,volatility,207,0.021037598065149713,0.07097614110013188,0.0053236025583045885,0.01320747240200622
finance,volatility,208,0.020459601231013466,0.07097722881739003,-0.00032874207437450767,0.01320747240200622
finance,volatility,209,0.01998640442345271,0.07097825757146135,-0.003968561029958132,0.013207472402006221
finance,volatility,210,0.021190008041099672,0.0709792392751635,0.012169137869517253,0.013207472402006218
finance,volatility,211,0.02286521177833629,0.07098034276147555,0.004262895601471441,0.013207472402006221
finance,volatility,212,0.023964015369407787,0.07098162759795072,-0.005451691320950322,0.01320747240200622
finance,volatility,213,0.025167618987054736,0.07098303886217382,-0.003637115573154719,0.01320747240200622
finance,volatility,214,0.025847222471824277,0.07098459541668725,-0.010560936480180555,0.013207472402006218
finance,volatility,215,0.023854425278919043,0.07098623713276757,-0.026141419701555986,0.013207472402006218
finance,volatility,216,0.021810020426028393,0.070987635428094,-0.009587022882826727,0.01320747240200622
finance,volatility,217,0.019765615573137756,0.07098880429559205,-0.004431402835651367,0.01320747240200622
finance,volatility,218,0.018192810839836822,0.07098976428693105,0.002030763172036289,0.01320747240200622
finance,volatility,219,0.01714400623941328,0.07099057756827454,0.002956018991437919,0.013207472402006221
finance,volatility,220,0.014680401280220736,0.07099129977434956,-0.012977375871464109,0.013207472402006218
finance,volatility,221,0.012269196334315925,0.07099182932624896,-0.0015206627096686677,0.01320747240200622
finance,volatility,222,0.009648391335260159,0.07099219920736341,-0.005010765377951499,0.01320747240200622
finance,volatility,223,0.0066607862431902025,0.07099242794514986,-0.006642548918207958,0.01320747240200622
finance,volatility,224,0.0031491810182428183,0.07099253695809028,-0.0067885203441189765,0.01320747240200622
finance,volatility,225,-0.0010960243927329238,0.07099256132620345,-0.007374261926409496,0.01320747240200622
finance,volatility,226,-0.006808430175765428,0.07099256427786807,-0.02057264683314432,0.013207472402006221
finance,volatility,227,-0.01215403586578373,0.07099267817694063,-0.004191677593043968,0.01320747240200622
finance,volatility,228,-0.01828564175511815,0.0709930411428029,-0.013457370945462139,0.013207472402006221
finance,volatility,229,-0.023998047538150647,0.07099386270707446,-0.0031079885164116013,0.01320747240200622
finance,volatility,230,-0.029971661034319478,0.07099527773857475,-0.0027561632755511998,0.01320747240200622
finance,volatility,231,-0.03468767421158251,0.07099748485292831,0.007301442785253335,0.01320747240200622
finance,volatility,232,-0.03861768718952946,0.07100044107994508,0.0019436088697971188,0.01320747240200622
finance,volatility,233,-0.04139489987514607,0.07100410494687873,0.007604745417721583,0.013207472402006218
finance,volatility,234,-0.042862112228569185,0.07100831450747774,0.009914508432963029,0.013207472402006218
finance,volatility,235,-0.044486524621855504,0.071012827489018,-0.005785889742456098,0.01320747240200622
finance,volatility,236,-0.045167736775962475,0.07101768870270674,0.004162992761624924,0.013207472402006221
finance,volatility,237,-0.04511534874404107,0.07102269958531292,0.005141906858470824,0.013207472402006218
finance,volatility,238,-0.045167760738695155,0.0710276984985833,0.0010040402278348145,0.01320747240200622
finance,volatility,239,-0.045534572813075685,0.0710327086803812,-0.00019297996681332227,0.01320747240200622
finance,volatility,240,-0.045377384754578844,0.07103780020697432,0.0009349727920242624,0.01320747240200622
finance,volatility,241,-0.04527259670936969,0.07104285628059767,-3.5760122150403314e-05,0.01320747240200622
finance,volatility,242,-0.045009816270994984,0.07104788867231021,-5.710232756842141e-05,0.01320747240200622
finance,volatility,243,-0.043542627880304566,0.0710528624632414,0.0075682709578101,0.01320747240200622
finance,volatility,244,-0.04312343975536899,0.071057516961717,-0.010990862863003093,0.013207472402006221
finance,volatility,245,-0.04212785148426823,0.07106208197700777,-0.0006187787922685938,0.01320747240200622
finance,volatility,246,-0.039560262814535264,0.07106643836754575,0.008747956503985592,0.01320747240200622
finance,volatility,247,-0.03793587438398164,0.07107027969625668,-0.00488906464111232,0.01320747240200622
finance,volatility,248,-0.035735085807262895,0.07107381185980458,0.0018864176941261678,0.01320747240200622
finance,volatility,249,-0.034476705116421064,0.07107694593851069,-0.008566974421719052,0.01320747240200622
finance,volatility,250,-0.03258952426612636,0.0710798630515717,0.004024447857346799,0.01320747240200622
finance,volatility,251,-0.03201234374802519,0.0710824694506928,-0.006648861435009833,0.013207472402006218
finance,volatility,252,-0.0315399632564995,0.07108498425489712,0.0038266954303857806,0.013207472402006218
finance,volatility,253,-0.033582783402785366,0.07108742530369638,-0.01836066902792551,0.013207472402006221
finance,volatility,254,-0.035469195862510385,0.07109019270131131,-0.0016890629339270755,0.01320747240200622
finance,volatility,255,-0.03698880822922123,0.0710932796043506,-0.002630495848128596,0.01320747240200622
finance,volatility,256,-0.039399220821823684,0.0710966365267248,-0.006422301112448679,0.01320747240200622
finance,volatility,257,-0.04291003369346868,0.07110044502709846,-0.012203008388868036,0.013207472402006218
finance,volatility,258,-0.045058446219632405,0.07110496224478623,0.007487983552792483,0.01320747240200622
finance,volatility,259,-0.048097658971687746,0.07110994278816431,-0.009083825022882444,0.01320747240200622
finance,volatility,260,-0.051032071697167586,0.07111561744552544,-0.003948459286971461,0.01320747240200622
finance,volatility,261,-0.053494884303057745,0.07112200509878609,-0.00034078265202181076,0.01320747240200622
finance,volatility,262,-0.05590529689566018,0.07112902350513375,-0.0033923678534676653,0.013207472402006221
finance,volatility,263,-0.05810610943511165,0.07113668785102305,0.002285656867283229,0.01320747240200622
finance,volatility,264,-0.06051731438101649,0.0711449665884468,-0.006409337053242244,0.01320747240200622
finance,volatility,265,-0.06214251912760516,0.07115394557110888,0.004724573589122635,0.013207472402006218
finance,volatility,266,-0.0632961237546042,0.0711634120671365,0.006944502173102917,0.01320747240200622
finance,volatility,267,-0.0641877283151645,0.07117323196400799,0.0012710730033729703,0.01320747240200622
finance,volatility,268,-0.06460614804953041,0.07118332904739477,0.0039242308866058355,0.01320747240200622
finance,volatility,269,-0.06439655997774581,0.07119355673905427,0.002492748967000876,0.01320747240200622
finance,volatility,270,-0.06434417194582438,0.07120371672441378,-0.00014292138935966355,0.01320747240200622
finance,volatility,271,-0.06371538376773783,0.07121385873977268,0.0017487232309130877,0.01320747240200622
finance,volatility,272,-0.06324379562951453,0.07122380210045182,-0.0030157269083463493,0.013207472402006221
finance,volatility,273,-0.06151460717238542,0.0712335974572566,0.0027426131019726704,0.01320747240200622
finance,volatility,274,-0.06057141891457243,0.07124286325489576,-0.007939155386073642,0.013207472402006218
finance,volatility,275,-0.058056230258127194,0.07125184593998633,0.013610938848894054,0.01320747240200622
finance,volatility,276,-0.05559344161496973,0.07126009711545829,0.0012662400609105048,0.01320747240200622
finance,volatility,277,-0.052973452931948994,0.07126766225743517,0.00036201069064354427,0.01320747240200622
finance,volatility,278,-0.052397064767150184,0.07127453045135192,-0.015549299623175356,0.01320747240200622
finance,volatility,279,-0.05134907648276172,0.07128124935645323,-0.0038168791197471874,0.01320747240200622
finance,volatility,280,-0.05009148814522229,0.07128770158496298,0.0010598089829221126,0.01320747240200622
finance,volatility,281,-0.049043499860833804,0.07129384109874144,-5.3576093584525556e-05,0.01320747240200622
finance,volatility,282,-0.04768111149671888,0.07129972590807132,0.001662998993102932,0.01320747240200622
finance,volatility,283,-0.04647592317246718,0.0713052878617281,0.0006972482250396643,0.01320747240200622
finance,volatility,284,-0.04595193502095612,0.07131057179890593,-0.007228067005547601,0.01320747240200622
finance,volatility,285,-0.04464194667012894,0.07131573688286304,0.008533754802867775,0.01320747240200622
finance,volatility,286,-0.04369875841231595,0.07132061133102932,0.0025314678604644873,0.013207472402006221
finance,volatility,287,-0.0433319703006681,0.07132528166935752,-0.0033799087603269304,0.013207472402006218
finance,volatility,288,-0.042703182122581576,0.07132987363703161,0.005337232319774189,0.01320747240200622
finance,volatility,289,-0.04202199393120728,0.07133433302102894,0.005372125512091933,0.013207472402006221
finance,volatility,290,-0.04270320608531428,0.07133865100460529,-0.011321882506580897,0.013207472402006221
finance,volatility,291,-0.04238881798695416,0.07134310984496703,0.007976347556453376,0.01320747240200622
finance,volatility,292,-0.04254603000818374,0.07134750300100537,-0.0037623534007523436,0.013207472402006218
finance,volatility,293,-0.041236041657356566,0.07135192853071398,0.015015023750362864,0.013207472402006218
finance,volatility,294,-0.03861605297433585,0.07135608548258619,0.01416762723857754,0.01320747240200622
finance,volatility,295,-0.03714807223034307,0.07135973078091738,-0.0005265230219800686,0.01320747240200622
finance,volatility,296,-0.034998891313609684,0.07136310403083793,0.0051451375606751506,0.01320747240200622
finance,volatility,297,-0.03174931011783368,0.07136609812293865,0.013710628273038193,0.01320747240200622
finance,volatility,298,-0.027766128736029353,0.07136856194057815,0.009113801827465975,0.013207472402006218
finance,volatility,299,-0.02414974744723918,0.0713704462725215,0.0011517119174992334,0.01320747240200622
finance,volatility,300,-0.02021896607872259,0.07137187168928251,0.004302453917606567,0.01320747240200622
ett_daily,change,1,-0.08586506663630857,0.03688210881539618,-0.08589548288378862,0.036882108815396164
ett_daily,change,2,-0.16086193923359252,0.03715303848235224,-0.169605332748282,0.036882108815396164
ett_daily,change,3,-0.06953858523129255,0.03808867977534383,-0.10409338490919297,0.03688210881539618
ett_daily,change,4,-0.030074675486803558,0.03826098801079312,-0.07997593890968462,0.03688210881539618
ett_daily,change,5,-0.0528202999207157,0.038293131633258884,-0.10068996870819415,0.03688210881539618
ett_daily,change,6,-0.06652650274888161,0.038392112535067774,-0.12029356526887565,0.03688210881539618
ett_daily,change,7,0.04451668641342416,0.03854860543474236,-0.019956605261417536,0.03688210881539617
ett_daily,change,8,0.009767684056030198,0.0386184729161933,-0.04308554034406814,0.036882108815396164
ett_daily,change,9,-0.0017827623742784663,0.03862183339147337,-0.03081292012817372,0.03688210881539617
ett_daily,change,10,-0.007784804020298644,0.038621945331367924,-0.033737822732525895,0.03688210881539617
ett_daily,change,11,0.004634617233221351,0.038624079755449445,-0.021339330784972434,0.03688210881539617
ett_daily,change,12,0.014481886074566698,0.03862483623437874,-0.003842058035784982,0.03688210881539617
ett_daily,change,13,0.029473459740261373,0.038632221626751326,0.027765363024404743,0.036882108815396164
ett_daily,change,14,-0.0001189417384049457,0.038662797031577725,0.005400238079173883,0.03688210881539617
ett_daily,change,15,0.023042373341266183,0.038662797529322585,0.037961558109743734,0.03688210881539618
ett_daily,change,16,-0.10383853562258528,0.038681473696445326,-0.0950372020394334,0.03688210881539618
ett_daily,change,17,0.05349110090448625,0.03905881335764477,0.050084484968547505,0.036882108815396164
ett_daily,change,18,0.07104253092797727,0.03915833615464856,0.06629123696917096,0.03688210881539618
ett_daily,change,19,-0.05800643048810971,0.03933327051304269,-0.033954146530132685,0.03688210881539617
ett_daily,change,20,-0.03614348766890425,0.03944946424899816,-0.02257484689877455,0.03688210881539617
ett_daily,change,21,0.0363051192564031,0.03949448396566867,0.026259370844816266,0.03688210881539617
ett_daily,change,22,0.03801953484690695,0.03953985528351465,0.027986991411538188,0.03688210881539617
ett_daily,change,23,-0.0669980786134598,0.03958955308362955,-0.0397694139742185,0.03688210881539618
ett_daily,change,24,0.012309601410979996,0.03974348620959687,0.014625164478756654,0.03688210881539617
ett_daily,change,25,0.060322760420627966,0.039748672122010234,0.044685094236666355,0.03688210881539617
ett_daily,change,26,0.013594972248508808,0.03987300688415632,0.027559350423044002,0.03688210881539617
ett_daily,change,27,-0.021986822137520096,0.03987931173501908,0.010798002069111422,0.03688210881539617
ett_daily,change,28,-0.023273251027886684,0.039895797875724975,-0.005448447773625061,0.03688210881539617
ett_daily,change,29,0.020465283349181785,0.039914261542728986,0.025783732476669582,0.03688210881539618
ett_daily,change,30,0.02647891568102175,0.039928532768655045,0.03893314471693678,0.03688210881539618
ett_daily,change,31,-0.041708068034642984,0.03995241190891059,-0.016976105943654406,0.03688210881539617
ett_daily,change,32,-0.023262365710625448,0.04001159628543604,-0.026095816116377978,0.03688210881539617
ett_daily,change,33,0.02045157655768642,0.04002998932733021,0.01575291766835915,0.03688210881539617
ett_daily,change,34,0.03333657804303714,0.040044200257907586,0.04123056758051376,0.03688210881539618
ett_daily,change,35,0.004185164687444912,0.04008193395259966,0.006458067574231904,0.03688210881539617
ett_daily,change,36,-0.05027137677557655,0.04008252838805578,-0.04536068989740175,0.03688210881539617
ett_daily,change,37,-0.008272202782047816,0.04016820337419704,-0.011116853361956879,0.03688210881539617
ett_daily,change,38,0.026451502098030998,0.04017052065625785,0.01808470770937499,0.03688210881539617
ett_daily,change,39,0.011875619078095246,0.040194206926886446,-0.008331786399488469,0.03688210881539617
ett_daily,change,40,-0.01601431018016625,0.04019897952384526,-0.010851113272221527,0.03688210881539617
ett_daily,change,41,-0.019027803399694284,0.04020765685281886,-0.011760749635511583,0.03688210881539617
ett_daily,change,42,-0.030174149870063803,0.04021990397071551,-0.05962561696759886,0.03688210881539617
ett_daily,change,43,0.03844082054573817,0.0402506857973028,0.011477353796245203,0.03688210881539617
ett_daily,change,44,-0.0026893786245792313,0.04030059427666778,-0.011980241102713257,0.03688210881539617
ett_daily,change,45,0.009338238723379931,0.04030083840749425,0.01372514031811787,0.03688210881539617
ett_daily,change,46,0.015743674960780725,0.04030378168691625,0.011079533716592939,0.03688210881539617
ett_daily,change,47,0.04877720367483304,0.040312146434819396,0.04215249275881005,0.03688210881539617
ett_daily,change,48,0.0067404361496108435,0.040392350715452476,0.028423810856036832,0.03688210881539618
ett_daily,change,49,-0.016384696135483854,0.04039388074611369,0.03577609001093791,0.03688210881539617
ett_daily,change,50,-0.030090898963649734,0.04040292023973062,-0.005602795775101985,0.03688210881539617
ett_daily,change,51,0.010218098863852536,0.04043339394809662,0.015944554410213647,0.03688210881539617
ett_daily,change,52,-0.007383220745710297,0.040436906418146734,-0.0076539900904114356,0.03688210881539617
ett_daily,change,53,-0.025829628438286355,0.04043874014829895,-0.004093668589014808,0.03688210881539617
ett_daily,change,54,-0.03352184625033302,0.040461176370349884,-0.034608341310046455,0.03688210881539617
ett_daily,change,55,0.02863815102627565,0.04049893760921047,0.0018278394405335063,0.03688210881539617
ett_daily,change,56,0.02646974588976086,0.04052647546882636,0.00395169586873047,0.03688210881539617
ett_daily,change,57,0.004140517470166145,0.040549986205779334,0.017574172770955528,0.03688210881539617
ett_daily,change,58,0.038901110513379925,0.04055056131051259,0.03981115435166803,0.03688210881539618
ett_daily,change,59,-0.03783512246744374,0.04060129390014567,-0.03258417542648741,0.03688210881539618
ett_daily,change,60,-0.012101654975597979,0.04064922590839001,-0.011461543939408321,0.03688210881539617
ett_daily,change,61,-0.006529010766832124,0.040654126432903115,-0.0011447741497226682,0.03688210881539617
ett_daily,change,62,-0.015960588962418518,0.04065555274316695,-0.02040865696265032,0.03688210881539617
ett_daily,change,63,0.009772878529427273,0.04066407518270646,0.004055663232988343,0.03688210881539617
ett_daily,change,64,0.03763751031037362,0.04066727001842653,0.028631049759322926,0.03688210881539617
ett_daily,change,65,0.012748425532982558,0.04071462606687613,0.013296451346880771,0.03688210881539617
ett_daily,change,66,-0.00011268921217006315,0.04072005563373153,0.027690815435298454,0.03688210881539617
ett_daily,change,67,-0.02584686207257438,0.040720056057948276,-0.007699980996466084,0.03688210881539617
ett_daily,change,68,0.011877687288374891,0.04074236709778138,0.014051079791953344,0.03688210881539617
ett_daily,change,69,0.008460094108907705,0.04074707713028034,0.013282127314929284,0.03688210881539617
ett_daily,change,70,-0.03527914563671931,0.04074946644128666,-0.02968435521293446,0.03688210881539617
ett_daily,change,71,0.03159646439554292,0.04079099285728546,0.03899779282675949,0.03688210881539617
ett_daily,change,72,-0.008676350637382922,0.04082427161223184,-0.01270008354811799,0.03688210881539617
ett_daily,change,73,-0.0240973217403319,0.04082677987997519,-0.04411694218330551,0.03688210881539617
ett_daily,change,74,-0.004806531333301122,0.04084612275595499,-0.0001814349009636077,0.03688210881539617
ett_daily,change,75,-0.0056642681549719485,0.04084689213458059,-0.02459561854309614,0.03688210881539617
ett_daily,change,76,0.013626522252058832,0.04084796058506872,-0.006136436180088625,0.03688210881539617
ett_daily,change,77,-0.021122480105335135,0.04085414357164102,-0.03154162249538324,0.03688210881539618
ett_daily,change,78,0.03203498372866216,0.04086899630075998,0.013760996147930093,0.03688210881539617
ett_daily,change,79,-0.030542114930822498,0.040903139574438294,-0.03981416595634509,0.03688210881539617
ett_daily,change,80,0.016625955995812233,0.04093415005253805,0.018777852437851784,0.03688210881539617
ett_daily,change,81,0.017029703271472116,0.04094333486398215,0.005694592717282552,0.03688210881539617
ett_daily,change,82,0.015351470475544667,0.04095296896832003,0.013328373602409693,0.03688210881539617
ett_daily,change,83,-0.003976913463179585,0.04096079613460459,0.005850988369042733,0.03688210881539617
ett_daily,change,84,-0.044715308727936144,0.040961321368322,-0.02866913304804435,0.03688210881539617
ett_daily,change,85,0.02000454490646888,0.04102766792980097,0.021236943963740516,0.03688210881539617
ett_daily,change,86,0.029006725664800975,0.04104093398505937,0.022993128562213222,0.03688210881539617
ett_daily,change,87,-0.014242341740238699,0.04106881215050156,0.011010214214742145,0.03688210881539617
ett_daily,change,88,-0.05153890440105073,0.041075530253109255,-0.04205301601765297,0.03688210881539617
ett_daily,change,89,0.03418686059944746,0.041163403036142646,0.017793593221179328,0.03688210881539617
ett_daily,change,90,0.031185663434297746,0.041202007280969254,0.018983297873034776,0.03688210881539617
ett_daily,change,91,-0.012112588188255176,0.04123410350673313,0.0005725709281162441,0.03688210881539617
ett_daily,change,92,0.03847272323356746,0.041238943261436845,0.056019632319776747,0.036882108815396164
ett_daily,change,93,0.022598467953166057,0.04128773799615337,0.02439909437371843,0.03688210881539617
ett_daily,change,94,-0.0069816374711219355,0.041304560085294206,0.031117732335252987,0.03688210881539618
ett_daily,change,95,-0.04040767545929364,0.041306165324053006,-0.018754223477391835,0.03688210881539617
ett_daily,change,96,0.026051538558651118,0.04135990090500015,0.04024540223391105,0.03688210881539617
ett_daily,change,97,-0.04295594113127022,0.0413822161475081,-0.021224857825798953,0.03688210881539617
ett_daily,change,98,0.011487598908814433,0.04144282642810394,0.02049837572368546,0.03688210881539617
ett_daily,change,99,-0.016806430309386236,0.041447157725019286,-0.018355429893193075,0.03688210881539617
ett_daily,change,100,-0.02669129268242504,0.041456426858457074,-0.038550144061557635,0.03688210881539617
ett_daily,change,101,0.015332473419860342,0.04147979673639488,0.005716085069829382,0.03688210881539617
ett_daily,change,102,0.07021700158301906,0.04148750539758418,0.07466671357068824,0.036882108815396164
ett_daily,change,103,0.011485835487418104,0.041648850230981777,0.010731362322734661,0.03688210881539617
ett_daily,change,104,-0.005258099984753168,0.04165315878153436,0.005067958942332927,0.03688210881539617
ett_daily,change,105,0.005471145102740359,0.041654061675023064,0.03027058775920302,0.036882108815396164
ett_daily,change,106,-0.023226984075399457,0.04165503919469073,0.003104412999132718,0.03688210881539617
ett_daily,change,107,0.01235410494207091,0.0416726531858789,0.016886153438372322,0.03688210881539617
ett_daily,change,108,-0.035635167327378946,0.041677634878788575,-0.014995599010173097,0.03688210881539617
ett_daily,change,109,-0.020202605538610172,0.04171906061616611,-0.024991409238281196,0.03688210881539617
ett_daily,change,110,0.015353891370103576,0.04173236646195882,-0.0007956810965839644,0.03688210881539617
ett_daily,change,111,0.007637081449300289,0.04174004989705299,-0.027827628336238953,0.03688210881539617
ett_daily,change,112,-6.743241712468092e-05,0.041741950640414,0.004404392511579624,0.03688210881539617
ett_daily,change,113,-0.02580160527752899,0.04174195078859626,-0.04110532224524775,0.03688210881539618
ett_daily,change,114,0.016222160824756384,0.041763639781538166,-0.010724158054978651,0.03688210881539617
ett_daily,change,115,0.034214578971321526,0.04177221027828199,0.013741709358522312,0.03688210881539617
ett_daily,change,116,-0.009475476556792248,0.041810314088198346,-0.020183874813433568,0.03688210881539617
ett_daily,change,117,-0.01847836268368286,0.04181323511143691,-0.0092994003880009,0.03688210881539617
ett_daily,change,118,-0.008643389896715844,0.04182434186195242,0.0017906419821817677,0.03688210881539617
ett_daily,change,119,0.0007997789846903346,0.04182677159168122,-0.023767543737998845,0.03688210881539617
ett_daily,change,120,0.014088880429980223,0.04182679239425224,-0.0004366429789230815,0.03688210881539617
ett_daily,change,121,-0.001319794618590461,0.04183324739631277,0.013286191194890915,0.03688210881539617
ett_daily,change,122,0.02738992524536915,0.041833304036192565,0.041524873815065755,0.036882108815396164
ett_daily,change,123,-0.0026311683019929416,0.041857691376909575,0.0045660568144928575,0.03688210881539617
ett_daily,change,124,-0.008620913893634813,0.041857916361258796,0.004484835495995161,0.03688210881539617
ett_daily,change,125,-0.03179523039624276,0.041860331532726766,-0.016447571407294956,0.03688210881539617
ett_daily,change,126,-0.012479847880455334,0.041893169968766006,-0.013640399984304843,0.03688210881539617
ett_daily,change,127,0.0441071525031082,0.04189822682536895,0.02773278716464411,0.03688210881539617
ett_daily,change,128,-0.033461872506350396,0.04196134100010522,-0.03640968589422999,0.036882108815396164
ett_daily,change,129,-0.0008816279697504822,0.04199762330704548,-0.020068418835452254,0.03688210881539617
ett_daily,change,130,-0.009014833904871228,0.041997648482502606,-0.018226472454844156,0.03688210881539617
ett_daily,change,131,0.029138407524773816,0.042000280618745084,0.02539220110653511,0.03688210881539617
ett_daily,change,132,0.0381282922287276,0.04202777024413602,0.0361385857693692,0.03688210881539617
ett_daily,change,133,-0.031283287421132885,0.04207479720774475,-0.01536132942803107,0.03688210881539617
ett_daily,change,134,-0.05871993250194199,0.04210642515656429,-0.052752063195656715,0.03688210881539618
ett_daily,change,135,0.03557967387247176,0.04221767025629785,0.029164278874929072,0.03688210881539617
ett_daily,change,136,0.022755447290454065,0.0422584393921364,0.004336631072882818,0.03688210881539617
ett_daily,change,137,-0.017554255905606716,0.04227510430945354,-0.01670855388145595,0.03688210881539617
ett_daily,change,138,-0.008564371201652942,0.04228501857918433,0.00914935388476251,0.03688210881539617
ett_daily,change,139,0.012857583494478428,0.042287378099994895,-0.007438439366817562,0.03688210881539617
ett_daily,change,140,-0.01412577740887827,0.04229269565672972,-0.031052948735003586,0.03688210881539617
ett_daily,change,141,0.021908595786044503,0.04229911303872247,0.03251913264550231,0.03688210881539618
ett_daily,change,142,0.019740190649529706,0.042314546029421335,0.029704312721721377,0.03688210881539617
ett_daily,change,143,-0.04326560007865071,0.04232707110106082,-0.02017455997350122,0.03688210881539617
ett_daily,change,144,-0.027416642275564472,0.04238718715091951,-0.04351148168192434,0.036882108815396164
ett_daily,change,145,0.06219194345195232,0.042411302963328165,0.050756988579545026,0.036882108815396164
ett_daily,change,146,-0.037705957292821696,0.042535178157732625,-0.03208924416574592,0.03688210881539618
ett_daily,change,147,-0.0012551880835814525,0.04258062160237136,0.0011065580301853981,0.03688210881539617
ett_daily,change,148,0.0060568165087241605,0.04258067193352105,-0.01100634567358175,0.03688210881539617
ett_daily,change,149,0.009902396388328582,0.04258184386396581,-0.031068214497692263,0.03688210881539617
ett_daily,change,150,0.0004708181927421779,0.04258497622394924,-0.01899446833573352,0.03688210881539617
ett_daily,change,151,-0.05438982323021845,0.04258498330473601,-0.049183696523581615,0.03688210881539617
ett_daily,change,152,0.008186570060707674,0.042679374015660215,-0.007945595219890848,0.03688210881539617
ett_daily,change,153,0.027048668399042675,0.04268151004171965,-0.0035099804320126095,0.03688210881539617
ett_daily,change,154,-0.0038298092857109805,0.042704821256761866,-0.02054727630166227,0.03688210881539617
ett_daily,change,155,-0.06470443572479083,0.0427052884607068,-0.056490628393069287,0.036882108815396164
ett_daily,change,156,0.02702301823744825,0.042838438538898085,-0.009117819181928532,0.03688210881539617
ett_daily,change,157,0.03472682673531468,0.04286162038794172,0.005882754010957674,0.03688210881539617
ett_daily,change,158,-0.07714985982418453,0.04289987636812227,-0.08392444575301339,0.036882108815396164
ett_daily,change,159,-0.019717771357607737,0.0430881951165314,-0.04804876876865869,0.03688210881539617
ett_daily,change,160,0.0827515764307824,0.04310046744572849,0.026992690576722635,0.03688210881539617
ett_daily,change,161,-0.004285562253118236,0.043316051814022934,-0.006046540577178304,0.03688210881539617
ett_daily,change,162,-0.05188303061700725,0.04331662857431101,-0.05977453359455761,0.03688210881539617
ett_daily,change,163,0.02617546136448015,0.04340107949080438,0.015792510819848126,0.03688210881539617
ett_daily,change,164,-0.009406333021548764,0.04342254851208627,-0.01334980658711064,0.03688210881539617
ett_daily,change,165,-0.0012369442918515872,0.04342532019165911,-0.013309245561827304,0.03688210881539617
ett_daily,change,166,-0.0029520652509139604,0.04342536811957033,-0.0028235573546003512,0.03688210881539617
ett_daily,change,167,0.017196109293508358,0.04342564110440517,-0.014415117276436247,0.03688210881539617
ett_daily,change,168,0.05574115462871425,0.04343490298831759,0.08703591716823847,0.036882108815396164
ett_daily,change,169,-0.04884776676295672,0.04353210133902218,-0.02248688467402082,0.03688210881539617
ett_daily,change,170,0.016313074994522395,0.043606598519492584,0.014688156604237331,0.03688210881539617
ett_daily,change,171,-0.02441302421585586,0.043614899121887145,-0.018168680126367135,0.03688210881539617
ett_daily,change,172,-0.03554707463184706,0.04363348346711317,-0.023268951343100037,0.03688210881539617
ett_daily,change,173,-0.045823740910446685,0.043672858726163916,-0.038711305709602815,0.03688210881539617
ett_daily,change,174,0.05576363063179529,0.04373821332004242,0.01723942909092703,0.03688210881539617
ett_daily,change,175,0.0047366257183400345,0.04383481689346918,-0.019608237975511315,0.03688210881539617
ett_daily,change,176,-0.0029801842024632414,0.04383551311424917,0.026698702454917494,0.03688210881539617
ett_daily,change,177,-0.0038379210241340665,0.0438357887212508,0.006741014361184414,0.03688210881539617
ett_daily,change,178,0.006866731954602821,0.04383624580151291,-0.03823585218198855,0.036882108815396164
ett_daily,change,179,-0.046316029356709636,0.04383770895901396,-0.05703109946558748,0.03688210881539617
ett_daily,change,180,-0.026584250826604764,0.04390422355092773,-0.02767488264567677,0.03688210881539617
ett_daily,change,181,0.03901757905394845,0.04392611456008115,0.008646287791621866,0.03688210881539617
ett_daily,change,182,0.026156464308795802,0.043973233603901166,4.316673234877973e-05,0.03688210881539617
ett_daily,change,183,0.014165029755413056,0.04399439267940064,0.010267432839890683,0.03688210881539617
ett_daily,change,184,0.002577695161969446,0.04400059620425918,0.03390380398786567,0.03688210881539617
ett_daily,change,185,0.02442834192679658,0.0440008016206184,0.011590500465358658,0.03688210881539617
ett_daily,change,186,-0.021013370039235223,0.04401924616220129,-0.00018471891182880162,0.03688210881539617
ett_daily,change,187,0.005993877604319576,0.04403288926053128,0.029320903042256565,0.03688210881539617
ett_daily,change,188,-0.017572242803849215,0.04403399911126671,-0.018694443304274524,0.03688210881539617
ett_daily,change,189,0.011174365223245329,0.044043536966344984,0.027601037733315244,0.03688210881539617
ett_daily,change,190,-0.004234309825325328,0.04404739331251918,0.008988243204509928,0.03688210881539617
ett_daily,change,191,-0.039828400265732554,0.04404794701161231,-0.024477358873080217,0.03688210881539617
ett_daily,change,192,-0.014940020856900032,0.04409690800757321,-0.036924796370014216,0.03688210881539617
ett_daily,change,193,0.02016319187436132,0.04410379281594633,-0.00253576576205471,0.03688210881539617
ett_daily,change,194,0.03343999726527287,0.044116330357670916,0.013654480358773436,0.03688210881539617
ett_daily,change,195,0.012017337200582987,0.04415079668122344,0.005833662526205111,0.03688210881539617
ett_daily,change,196,-0.02398085319976338,0.04415524593889177,-0.024411525985727153,0.03688210881539617
ett_daily,change,197,-0.021421349526246292,0.04417295890706621,-0.019333983746253086,0.03688210881539617
ett_daily,change,198,0.009456422789948828,0.04418708750951304,-0.0020961884400130084,0.03688210881539617
ett_daily,change,199,-0.017551530222164487,0.04418984032020724,-0.007104308553926927,0.03688210881539617
ett_daily,change,200,-0.0269831084177509,0.04419932215619787,-0.0508757503519409,0.03688210881539617
ett_daily,change,201,0.01628984572748687,0.04422172431087618,0.006983958483445359,0.03688210881539617
ett_daily,change,202,-0.011587787476396324,0.044229886181065686,-0.030415118601545367,0.03688210881539617
ett_daily,change,203,0.014574372084145224,0.04423401567124468,-0.0013185170483702418,0.03688210881539617
ett_daily,change,204,-0.021448410424957775,0.04424054731913915,-0.029957386303301456,0.03688210881539618
ett_daily,change,205,0.010262153919872289,0.04425469000223642,0.007372265515833435,0.03688210881539617
ett_daily,change,206,0.011143777481741212,0.0442579269325718,0.006951237417502168,0.03688210881539617
ett_daily,change,207,0.007285196179199934,0.04426174361969321,-0.013452047570779658,0.03688210881539617
ett_daily,change,208,0.052285214653599116,0.044263374707990244,0.05527170315732994,0.03688210881539617
ett_daily,change,209,-0.020617381817719157,0.044347307794585525,0.004106649745366136,0.03688210881539617
ett_daily,change,210,-0.05661557221806554,0.044360344487254705,-0.03521810410949293,0.03688210881539618
ett_daily,change,211,0.005556721112921441,0.044458525621154384,-0.01185162691848895,0.03688210881539617
ett_daily,change,212,0.002543227893393415,0.0444594703540118,-0.012197475610595383,0.03688210881539617
ett_daily,change,213,-0.026167197339124714,0.044459668249910954,-0.047979086180566184,0.03688210881539617
ett_daily,change,214,0.045032221543230236,0.044480613107201916,0.057006422152799684,0.03688210881539617
ett_daily,change,215,0.005579902484561006,0.04454258646545845,0.0030417893499723116,0.03688210881539617
ett_daily,change,216,0.005542661637146811,0.04454353729932298,0.0010824293482787823,0.03688210881539617
ett_daily,change,217,-0.034730153395779034,0.04454447546372062,-0.01715839611354257,0.03688210881539617
ett_daily,change,218,0.016308442203496,0.04458129443022917,0.021870147360532066,0.03688210881539617
ett_daily,change,219,-0.01627250770166245,0.044589408976676674,-0.0147862814539339,0.03688210881539617
ett_daily,change,220,-0.07284791739940621,0.04459748633614671,-0.07832841229268707,0.03688210881539618
ett_daily,change,221,0.0222967770580208,0.04475905956120105,-0.010303303306640922,0.03688210881539617
ett_daily,change,222,0.043265447576699756,0.04477416597710834,0.03817191748695961,0.036882108815396164
ett_daily,change,223,0.0038500166811654725,0.04483100031916835,-0.03409070372178315,0.03688210881539618
ett_daily,change,224,0.005111148094216915,0.04483145007427605,0.02836248417751334,0.03688210881539617
ett_daily,change,225,0.008981320082577961,0.04483224272487738,-0.006528648216664357,0.03688210881539617
ett_daily,change,226,0.013280184139634808,0.0448346901505955,0.031063269710721986,0.036882108815396164
ett_daily,change,227,-0.02615983886465611,0.044840040715014316,-0.00480041066311423,0.03688210881539617
ett_daily,change,228,0.011148314481975681,0.04486079630671996,0.013157251916415475,0.03688210881539617
ett_daily,change,229,0.020566891254625245,0.04486456477351536,0.031418091922489726,0.03688210881539617
ett_daily,change,230,-0.05917018620706887,0.044877388175969916,-0.042306624401823485,0.03688210881539617
ett_daily,change,231,0.00042995471174343136,0.04498338606131082,-0.021291475539718403,0.03688210881539617
ett_daily,change,232,0.01373135221141162,0.044983391651477335,-0.026992298811505465,0.03688210881539617
ett_daily,change,233,0.004299774015825232,0.044989093010438484,-0.016883915944040193,0.03688210881539617
ett_daily,change,234,-0.003404739850599745,0.044989652011735444,-0.02657542696765845,0.03688210881539617
ett_daily,change,235,0.007704013088076296,0.04499000250932199,0.03102754417180422,0.03688210881539617
ett_daily,change,236,0.01627750177771261,0.04499179699846447,0.010974499802070778,0.03688210881539617
ett_daily,change,237,-0.04029790792003114,0.04499980704419085,-0.03665494549464738,0.03688210881539617
ett_daily,change,238,-0.043703205045120014,0.04504886948514497,-0.048983823982727166,0.03688210881539617
ett_daily,change,239,0.014169871544530853,0.045106505830542605,-0.02855818981003279,0.03688210881539618
ett_daily,change,240,0.0017251528136956948,0.04511256056335637,-0.018769735493509833,0.03688210881539617
ett_daily,change,241,0.021861031303739727,0.045112650303905204,0.006468521322429436,0.03688210881539617
ett_daily,change,242,0.036423912900738625,0.045127058350128396,0.04452384945238428,0.03688210881539617
ett_daily,change,243,-0.02143757300309247,0.04516703214274936,-0.03874294922488596,0.03688210881539617
ett_daily,change,244,-0.027868306717808402,0.045180870821928384,0.003977095574078236,0.03688210881539617
ett_daily,change,245,-0.05229181126336876,0.04520424765723197,-0.03271480921129089,0.03688210881539617
ett_daily,change,246,0.04329387131713235,0.04528645770146508,-0.015002984075990622,0.03688210881539617
ett_daily,change,247,-0.03600221802148769,0.04534272373125278,-0.053069656237620666,0.036882108815396164
ett_daily,change,248,0.013738005317321705,0.04538159209860506,0.015347998732236509,0.03688210881539617
ett_daily,change,249,0.028313182968698933,0.04538724891464166,0.017203180230910706,0.03688210881539617
ett_daily,change,250,0.04288836062007612,0.045411268202140434,0.041885558742819,0.03688210881539617
ett_daily,change,251,-0.017569869804686257,0.04546633420037816,0.002000862881335614,0.03688210881539617
ett_daily,change,252,-0.009425073183745733,0.04547556915004015,0.005616845005841161,0.03688210881539617
ett_daily,change,253,0.011139497374994065,0.04547822626363273,-0.00021147205400076177,0.03688210881539617
ett_daily,change,254,0.01971298606463039,0.04548193769506761,0.053419655313175406,0.03688210881539617
ett_daily,change,255,-0.032134514823081474,0.0454935586517256,-0.0018970507641995662,0.03688210881539617
ett_daily,change,256,-0.017118349048630167,0.045524424468372286,0.00600540021608377,0.03688210881539617
ett_daily,change,257,-0.03596885670114539,0.045533179727834515,-0.048959641573594385,0.03688210881539617
ett_daily,change,258,-0.007246840782807484,0.04557181398533694,-0.0025944791701853665,0.03688210881539617
ett_daily,change,259,0.01631857425680278,0.04557338154884141,-0.0233302352683936,0.03688210881539617
ett_daily,change,260,0.010708336516343451,0.04558132934630709,0.02801812374821772,0.03688210881539617
ett_daily,change,261,0.003003822649918478,0.04558475128498446,-0.02048008813453223,0.03688210881539617
ett_daily,change,262,0.009850247010393364,0.04558502053714253,0.018596012406378853,0.03688210881539617
ett_daily,change,263,0.006420357776547863,0.04558791581191201,-0.008283570602078304,0.03688210881539617
ett_daily,change,264,-0.035126237408087,0.04558914578144352,-0.0336614467241826,0.03688210881539618
ett_daily,change,265,-0.034244613846218075,0.045625946648179955,-0.026368796020023517,0.03688210881539617
ett_daily,change,266,0.024057154812128584,0.045660895897035106,0.0028545884585584767,0.03688210881539617
ett_daily,change,267,0.06305548432478686,0.04567813416453746,0.04994325414147087,0.03688210881539618
ett_daily,change,268,-0.044130181587815426,0.04579638577878323,-0.040973170489542375,0.03688210881539617
ett_daily,change,269,-0.0012367352937601723,0.045854195076379535,0.01191757645573606,0.03688210881539617
ett_daily,change,270,0.011194982014138146,0.04585424045023781,-0.0011804114836397503,0.03688210881539617
ett_daily,change,271,0.023210303307719008,0.045857958208783446,0.02766245230541876,0.03688210881539617
ett_daily,change,272,0.02749687131039752,0.04587393548552962,0.027631618423013964,0.03688210881539617
ett_daily,change,273,-0.023983417780510136,0.04589634982605699,0.014715940195626463,0.03688210881539617
ett_daily,change,274,-0.01925586165475752,0.04591339474152293,-0.03375940028097136,0.03688210881539617
ett_daily,change,275,-0.016684061926862108,0.045924378881346095,-0.006245602674350263,0.03688210881539617
ett_daily,change,276,0.0073469333445788645,0.04593262316269812,-0.004047601800973002,0.03688210881539617
ett_daily,change,277,0.011192513224183295,0.04593422167095515,0.018902036361246734,0.03688210881539617
ett_daily,change,278,-0.005514534084853038,0.045937931319991264,0.006881633266033876,0.03688210881539617
ett_daily,change,279,0.04633226143430031,0.045938831798702444,0.03992342459030854,0.036882108815396164
ett_daily,change,280,0.015894771872620745,0.04600235295367122,0.0187759005555779,0.03688210881539617
ett_daily,change,281,-0.037704385453009186,0.046009823025576255,0.014185953455023102,0.03688210881539617
ett_daily,change,282,-0.01538815845635131,0.04605183435543786,0.029539807434021414,0.03688210881539617
ett_daily,change,283,0.03565043714292372,0.046058828343357935,0.05586016993306056,0.036882108815396164
ett_daily,change,284,0.0013547189629821638,0.046096349089368445,-0.00820962215325565,0.03688210881539617
ett_daily,change,285,-0.020949917347855916,0.04609640324743164,0.007000698542779816,0.03688210881539617
ett_daily,change,286,-0.036824172628257316,0.046109353197028094,-0.03330265430495433,0.036882108815396164
ett_daily,change,287,-0.007673464641223605,0.046149340322068064,-0.03614478776481446,0.03688210881539618
ett_daily,change,288,0.012927994080651138,0.04615107588680848,-0.00778123213698265,0.03688210881539617
ett_daily,change,289,-0.015807023260623634,0.046156001822891965,-0.04882551526081952,0.036882108815396164
ett_daily,change,290,0.044638205741201906,0.046163365061134456,0.05717711622871413,0.036882108815396164
ett_daily,change,291,-0.023095493797010397,0.046222042556136836,-0.03186598313981345,0.036882108815396164
ett_daily,change,292,0.03907679953397657,0.046237737621660335,0.032650581080038224,0.03688210881539618
ett_daily,change,293,-0.010639537064634726,0.04628263924744169,0.01060987603092355,0.03688210881539617
ett_daily,change,294,-0.019642423191525336,0.046285966174107886,0.007837669340194645,0.03688210881539617
ett_daily,change,295,-0.006365617800613768,0.0462973037210225,-0.01404933933301468,0.03688210881539617
ett_daily,change,296,-0.023048073000893465,0.04629849428112747,-0.023120264990245425,0.03688210881539617
ett_daily,change,297,0.07212121356529017,0.046314099170025325,0.026509826495806292,0.03688210881539617
ett_daily,change,298,-0.0029248432495070148,0.04646662022531361,0.017169037482995485,0.03688210881539617
ett_daily,change,299,0.013352806622274994,0.04646687065996873,0.03417767338579153,0.036882108815396164
ett_daily,change,300,-0.018346167036735275,0.04647208991830207,0.007352587706434285,0.03688210881539617
ett_daily,volatility,1,0.9335368232229777,0.03688210881539622,0.9338675128521746,0.03688210881539622
ett_daily,volatility,2,0.8832447351133926,0.06108396557463258,0.09196996837309425,0.03688210881539618
ett_daily,volatility,3,0.842093143954132,0.07650903918241503,0.059904303024701566,0.036882108815396164
ett_daily,volatility,4,0.7962249852668687,0.08822047973329816,-0.0409346187524534,0.03688210881539618
ett_daily,volatility,5,0.754399598746465,0.09750707966482242,0.005588437078128651,0.03688210881539617
ett_daily,volatility,6,0.7153136532455248,0.10514734247698732,0.0011030434034937147,0.03688210881539617
ett_daily,volatility,7,0.6785859915085862,0.11157066192976484,0.00638454031459726,0.03688210881539617
ett_daily,volatility,8,0.644890408896792,0.11705034119564306,0.009511411727161205,0.03688210881539617
ett_daily,volatility,9,0.6152818580267478,0.1217876309191607,0.02142207379572293,0.03688210881539617
ett_daily,volatility,10,0.5829781257121309,0.12594507445500913,-0.02734987011944693,0.03688210881539617
ett_daily,volatility,11,0.5510555506529767,0.12956383590081955,-0.01534427122851394,0.03688210881539617
ett_daily,volatility,12,0.5214912593578236,0.1327136952450876,-0.002464664692647462,0.03688210881539617
ett_daily,volatility,13,0.48885062936263507,0.13547248847994403,-0.03492688450464785,0.03688210881539617
ett_daily,volatility,14,0.4579387473451956,0.1378511717314307,-0.008454087680797622,0.03688210881539617
ett_daily,volatility,15,0.42365788852204006,0.1399052273348263,-0.04699668079210512,0.036882108815396164
ett_daily,volatility,16,0.3914426753572051,0.14163960836391876,-0.008648281450119664,0.03688210881539617
ett_daily,volatility,17,0.360238155234085,0.1431036196448139,-0.01585171220722221,0.03688210881539617
ett_daily,volatility,18,0.32532776062467705,0.14433190834882698,-0.04792221663636856,0.036882108815396164
ett_daily,volatility,19,0.29412324050155697,0.14532598155968657,-0.0032341325536272606,0.03688210881539617
ett_daily,volatility,20,0.26830908326758257,0.1461334805919261,0.02077589468205528,0.03688210881539617
ett_daily,volatility,21,0.26574086599304925,0.1468020710187613,0.17937889318328556,0.036882108815396164
ett_daily,volatility,22,0.2672154208853752,0.14745497798435514,0.07888653112849764,0.036882108815396164
ett_daily,volatility,23,0.2653209989719851,0.14811222448009298,0.009378776609355845,0.03688210881539617
ett_daily,volatility,24,0.2691538376283123,0.14875734232339238,0.042158892221412156,0.03688210881539618
ett_daily,volatility,25,0.268225849181746,0.14941832554801399,-0.020971249309252975,0.03688210881539617
ett_daily,volatility,26,0.26359198624889213,0.15007187751013273,-0.02413868292018771,0.03688210881539617
ett_daily,volatility,27,0.25592604419089365,0.15070035272411159,-0.02908782638587989,0.03688210881539617
ett_daily,volatility,28,0.24826010213289523,0.15129041355846012,-0.002563499456662557,0.03688210881539617
ett_daily,volatility,29,0.239583467033182,0.15184356077489986,-0.005375238423088395,0.03688210881539617
ett_daily,volatility,30,0.2268640597666094,0.15235691281249197,-0.04498924084512672,0.03688210881539618
ett_daily,volatility,31,0.21578488132800389,0.15281573802491688,-0.012592452396194075,0.03688210881539617
ett_daily,volatility,32,0.20537949825054164,0.1532296592143289,-0.004299330799708845,0.03688210881539617
ett_daily,volatility,33,0.19598480821479422,0.15360366054162436,-0.01037219203317368,0.03688210881539617
ett_daily,volatility,34,0.19029599266533442,0.15394343808153016,0.01921298161236978,0.03688210881539617
ett_daily,volatility,35,0.18629166551873272,0.15426309119293385,0.009303505049110697,0.03688210881539617
ett_daily,volatility,36,0.18430872445556065,0.15456881283059706,0.01864551071079976,0.03688210881539617
ett_daily,volatility,37,0.18468406715638994,0.15486747624667538,0.02384513947022037,0.03688210881539617
ett_daily,volatility,38,0.18838412708804425,0.15516677896730108,0.024122279391529212,0.03688210881539617
ett_daily,volatility,39,0.18265105196369358,0.15547758298469705,-0.0527927265186788,0.03688210881539617
ett_daily,volatility,40,0.1789836224976635,0.15576919202313044,0.02415548832277507,0.03688210881539617
ett_daily,volatility,41,0.17767447679563472,0.15604869539259456,0.05517893450608931,0.03688210881539618
ett_daily,volatility,42,0.17198566124617498,0.1563236360816247,0.010669827904837507,0.03688210881539617
ett_daily,volatility,43,0.16461235729385726,0.15658081432536786,-0.013128173352418691,0.03688210881539617
ett_daily,volatility,44,0.15993423478611227,0.156816043787449,0.024422768649896814,0.03688210881539617
ett_daily,volatility,45,0.16001693938126088,0.15703776995405289,0.033099844691710616,0.03688210881539617
ett_daily,volatility,46,0.16034802250719915,0.15725941239104857,-0.0038679720025339877,0.03688210881539617
ett_daily,volatility,47,0.16472187779999672,0.15748165907158906,0.025862513407270114,0.03688210881539617
ett_daily,volatility,48,0.16404226788422016,0.15771585604017802,-0.0383596723550917,0.03688210881539617
ett_daily,volatility,49,0.16538404405187324,0.1579477815169571,0.004367698440015873,0.03688210881539617
ett_daily,volatility,50,0.1684103086223844,0.1581831680888798,-0.008422501084120819,0.03688210881539617
ett_daily,volatility,51,0.16773069870660787,0.1584268785307342,-0.022512563409599867,0.03688210881539617
ett_daily,volatility,52,0.1667141911102597,0.1586682561608403,-0.005966688175646858,0.03688210881539617
ett_daily,volatility,53,0.1633393997499102,0.15890635695656788,-0.019923555499194702,0.03688210881539617
ett_daily,volatility,54,0.15558493854212993,0.15913458046165044,-0.030582033198536557,0.036882108815396164
ett_daily,volatility,55,0.1464828866120631,0.15934136590045556,-0.016669810217203936,0.03688210881539617
ett_daily,volatility,56,0.13603324395970992,0.15952444017207454,-0.007467944671093634,0.03688210881539617
ett_daily,volatility,57,0.12221462450164057,0.1596821576179709,-0.024732061034991676,0.03688210881539617
ett_daily,volatility,58,0.11071002923268158,0.15980934631760346,0.004570206570924977,0.03688210881539617
ett_daily,volatility,59,0.10055302468600896,0.15991364085311915,-0.016411480758822723,0.03688210881539617
ett_daily,volatility,60,0.08731968143930091,0.15999962522310804,-0.023617035504889656,0.03688210881539617
ett_daily,volatility,61,0.07846600804002381,0.16006443624343797,0.028957646341189407,0.03688210881539617
ett_daily,volatility,62,0.07365510680760606,0.16011675155194974,0.022805318363662182,0.03688210881539617
ett_daily,volatility,63,0.06749661485290186,0.16016283425595645,-0.0030662396062176938,0.03688210881539617
ett_daily,volatility,64,0.06302261130105566,0.16020152270130458,0.02193902948887037,0.03688210881539617
ett_daily,volatility,65,0.054461576007459205,0.16023524459317073,-0.015195413194674405,0.03688210881539617
ett_daily,volatility,66,0.05331228968643818,0.1602604225063937,0.058847916833435016,0.036882108815396164
ett_daily,volatility,67,0.0511523103237023,0.1602845452773084,0.011451906814812828,0.03688210881539617
ett_daily,volatility,68,0.04768899981357098,0.16030674973991413,-0.000708727010003378,0.03688210881539617
ett_daily,volatility,69,0.046247075386869264,0.16032604674763065,0.009243501584145645,0.03688210881539617
ett_daily,volatility,70,0.04379445791845274,0.1603441923494655,-0.007259795589728374,0.03688210881539617
ett_daily,volatility,71,0.04538461261689554,0.16036046261091758,0.02242401221851083,0.03688210881539617
ett_daily,volatility,72,0.04625671237930415,0.16037793401455372,-0.007136679391933268,0.03688210881539617
ett_daily,volatility,73,0.0447705283777115,0.16039608130667976,-0.03171732586031404,0.03688210881539617
ett_daily,volatility,74,0.053054377112695505,0.16041307935909688,0.059185651702932704,0.03688210881539618
ett_daily,volatility,75,0.05999063512539313,0.16043694657966678,-0.0070571960957453465,0.03688210881539617
ett_daily,volatility,76,0.06793758617980548,0.16046745731874587,0.009315156119559248,0.03688210881539617
ett_daily,volatility,77,0.07790592331764758,0.16050657848624952,0.023310600344707947,0.03688210881539617
ett_daily,volatility,78,0.08589713394695095,0.16055800771818313,-0.005908617114597227,0.03688210881539617
ett_daily,volatility,79,0.0965835260208272,0.16062050661436622,0.03161569528632042,0.03688210881539617
ett_daily,volatility,80,0.10996509953927634,0.1606994889269736,0.037297637858073523,0.036882108815396164
ett_daily,volatility,81,0.11766367206289903,0.160801815514074,-0.00473368255325764,0.03688210881539617
ett_daily,volatility,82,0.12502534690595016,0.16091889134981285,0.023394674171667035,0.03688210881539617
ett_daily,volatility,83,0.13103943102671484,0.16105097297293774,-0.018002104979752395,0.03688210881539617
ett_daily,volatility,84,0.13801994861430336,0.16119594249721247,0.029210482242348096,0.036882108815396164
ett_daily,volatility,85,0.14432667084074868,0.16135661616836472,0.0032349000006968312,0.03688210881539617
ett_daily,volatility,86,0.1486120069837644,0.16153212612941845,0.008498797468009477,0.03688210881539617
ett_daily,volatility,87,0.15053905936277875,0.16171800523492652,-0.010331849134856193,0.03688210881539617
ett_daily,volatility,88,0.14846759914982482,0.16190851435833759,-0.056381842940047514,0.03688210881539618
ett_daily,volatility,89,0.14163531183397737,0.16209360182445898,-0.045439644862479596,0.03688210881539617
ett_daily,volatility,90,0.13686867017645057,0.16226186278054186,-0.005158928326613732,0.03688210881539617
ett_daily,volatility,91,0.1263747679492063,0.16241883149975148,-0.06258941297186855,0.03688210881539618
ett_daily,volatility,92,0.11895720442199759,0.1625525332625623,0.008873227643797532,0.03688210881539617
ett_daily,volatility,93,0.11019205017250235,0.16267090857614983,-0.031017976081596416,0.03688210881539617
ett_daily,volatility,94,0.10142689592300724,0.16277241339202675,0.01296147947454726,0.03688210881539617
ett_daily,volatility,95,0.09266174167351204,0.16285836268530962,0.0015524386030531746,0.03688210881539617
ett_daily,volatility,96,0.08591797350744652,0.16293006393926845,0.006730538408329714,0.03688210881539617
ett_daily,volatility,97,0.07513143317452166,0.16299168315915258,-0.020806475084858275,0.03688210881539617
ett_daily,volatility,98,0.06766961007242195,0.163038785950349,0.024907035022395215,0.03688210881539617
ett_daily,volatility,99,0.05953399160917902,0.16307698715238916,3.4118719199632155e-05,0.03688210881539617
ett_daily,volatility,100,0.045626853001327794,0.1631065488556159,-0.03839960693215432,0.03688210881539617
ett_daily,volatility,101,0.03576248656033586,0.16312390998642085,0.010542630858891091,0.03688210881539617
ett_daily,volatility,102,0.02589812011934394,0.16313457484462407,-0.0027832123309018755,0.03688210881539617
ett_daily,volatility,103,0.02142411656749778,0.16314016745432544,0.046224007958332605,0.03688210881539618
ett_daily,volatility,104,0.014928726932221923,0.16314399456778106,-0.016397136526771126,0.03688210881539617
ett_daily,volatility,105,0.009488289913551882,0.16314585281492094,0.0154150329675429,0.03688210881539617
ett_daily,volatility,106,0.004384750575453411,0.1631466034525718,-0.002997764251172815,0.03688210881539617
ett_daily,volatility,107,-0.00240327716550304,0.16314676375608012,-0.022540825566832262,0.03688210881539617
ett_daily,volatility,108,-0.005148532739600219,0.1631468119132196,-0.0008578417414574868,0.03688210881539617
ett_daily,volatility,109,-0.005872402230267773,0.163147032927106,-0.0037863971898237157,0.03688210881539617
ett_daily,volatility,110,-0.005248680998648837,0.16314732045733943,0.02171815123610805,0.03688210881539617
ett_daily,volatility,111,-0.0036142667253150234,0.1631475501523678,0.0003150341654227916,0.03688210881539617
ett_daily,volatility,112,4.153363144835719e-05,0.16314765906824327,0.015478640703117429,0.03688210881539617
ett_daily,volatility,113,0.003989972093892387,0.16314765908262632,0.011327407714913284,0.03688210881539617
ett_daily,volatility,114,0.005917024472906781,0.16314779181907152,7.279352755543921e-05,0.03688210881539617
ett_daily,volatility,115,0.008180974532492793,0.16314808373421968,0.005169126806471378,0.03688210881539617
ett_daily,volatility,116,0.008086640828077531,0.16314864176589486,-0.013650890553650239,0.03688210881539617
ett_daily,volatility,117,0.00837346437912481,0.1631491870007482,-0.0005363799477332235,0.03688210881539617
ett_daily,volatility,118,0.003899460827278707,0.16314977159716884,-0.043599613395113555,0.03688210881539617
ett_daily,volatility,119,0.0017837410394338008,0.16314989837811095,0.009897849852357723,0.03688210881539617
ett_daily,volatility,120,0.005439541396197203,0.16314992490633978,0.027543871659867904,0.03688210881539617
ett_daily,volatility,121,0.0077477510306741115,0.1631501716061728,0.0016935668247966753,0.03688210881539617
ett_daily,volatility,122,0.01342493747086723,0.16315067209524742,0.03357450445164593,0.03688210881539617
ett_daily,volatility,123,0.021167769569380872,0.16315217477060898,0.04063421492177818,0.036882108815396164
ett_daily,volatility,124,0.029203239773575192,0.16315591057259543,0.019412078043703568,0.03688210881539617
ett_daily,volatility,125,0.041955277505772055,0.16316302076386568,0.051654184260655156,0.036882108815396164
ett_daily,volatility,126,0.05437041755739732,0.1631776952674693,0.024518526373900056,0.03688210881539617
ett_daily,volatility,127,0.07078407020099098,0.16320233654621663,0.04731921618182426,0.03688210881539618
ett_daily,volatility,128,0.08286231257204459,0.16324409271324208,-0.012823806915179033,0.03688210881539617
ett_daily,volatility,129,0.08921329437338092,0.16330129745474908,-0.030695645359610415,0.03688210881539617
ett_daily,volatility,130,0.10398671818900737,0.16336758209080204,0.06447892470892787,0.03688210881539618
ett_daily,volatility,131,0.1120221883932017,0.16345759436308965,-0.02863622669726942,0.03688210881539617
ett_daily,volatility,132,0.1150041933888219,0.16356199323931164,-0.03978564491696023,0.03688210881539617
ett_daily,volatility,133,0.12101827750958662,0.16367195216530855,-0.0005310828230416821,0.03688210881539617
ett_daily,volatility,134,0.126402825844099,0.16379362615926285,-0.012640330196730071,0.03688210881539617
ett_daily,volatility,135,0.13178737417861144,0.1639262654677172,0.009120862429115929,0.03688210881539617
ett_daily,volatility,136,0.1425622854022696,0.16407032425910736,0.03714547166562276,0.03688210881539617
ett_daily,volatility,137,0.1577168664733587,0.1642387420269728,0.0489321792721523,0.03688210881539617
ett_daily,volatility,138,0.17080580188612715,0.16444463428929834,0.018636723574150815,0.03688210881539617
ett_daily,volatility,139,0.18259140615150016,0.16468579063376765,0.005610640002287667,0.03688210881539617
ett_daily,volatility,140,0.18427007999972483,0.1649609430777888,-0.05370343951102821,0.036882108815396164
ett_daily,volatility,141,0.18624139195363026,0.16524070712029076,0.0015576742808295718,0.03688210881539617
ett_daily,volatility,142,0.18484372710181945,0.16552600077485458,-0.0054513201393547785,0.03688210881539617
ett_daily,volatility,143,0.17637121095800498,0.1658065485422854,-0.03414993413192096,0.03688210881539617
ett_daily,volatility,144,0.1702127190033008,0.16606155510957882,0.017967393750707127,0.03688210881539617
ett_daily,volatility,145,0.1640542270485965,0.1662987123586358,0.03139033178592002,0.036882108815396164
ett_daily,volatility,146,0.15284226988531813,0.16651871620537106,-0.03537524425247505,0.03688210881539617
ett_daily,volatility,147,0.13960892663861016,0.16670944082253386,-0.01811957631050102,0.03688210881539617
ett_daily,volatility,148,0.13479802540619235,0.16686840185169194,0.038106978977259585,0.03688210881539617
ett_daily,volatility,149,0.13167161257663262,0.16701645983093033,0.017483522740475058,0.03688210881539617
ett_daily,volatility,150,0.1268607113442148,0.1671576072852365,0.007529097259376024,0.03688210881539617
ett_daily,volatility,151,0.13013535444551566,0.16728852234111563,0.03833938864921845,0.03688210881539617
ett_daily,volatility,152,0.13273620218567328,0.1674261726861177,-0.002248356961839204,0.03688210881539617
ett_daily,volatility,153,0.1319680731201148,0.16756926008022277,-0.015645510633145402,0.03688210881539617
ett_daily,volatility,154,0.1338951254991292,0.16771057623139263,0.004803522133759514,0.03688210881539617
ett_daily,volatility,155,0.13312699643357068,0.16785592535529364,7.195737828285032e-05,0.03688210881539617
ett_daily,volatility,156,0.12995632402912002,0.1679994879833977,0.007301185951167114,0.03688210881539617
ett_daily,volatility,157,0.12341667481895324,0.16813617955090565,-0.0063596617124112185,0.03688210881539617
ett_daily,volatility,158,0.1223116480728231,0.1682593648643043,0.04215663993244687,0.03688210881539617
ett_daily,volatility,159,0.12289110972955114,0.1683802664171653,0.02151946846541961,0.03688210881539617
ett_daily,volatility,160,0.12481816210856553,0.16850222825858874,-0.000693364778597961,0.03688210881539617
ett_daily,volatility,161,0.13146178201558245,0.1686279526143155,0.02027618846935034,0.03688210881539617
ett_daily,volatility,162,0.13579137773348904,0.16876730728794131,-0.03725997907143472,0.036882108815396164
ett_daily,volatility,163,0.14315305257654018,0.16891586542856712,0.013376694224265644,0.03688210881539617
ett_daily,volatility,164,0.14820070323048098,0.16908081465281194,-0.022077433222988364,0.03688210881539617
ett_daily,volatility,165,0.15459594460670822,0.16925742288018908,0.008280970066510001,0.03688210881539617
ett_daily,volatility,166,0.16229451713033094,0.16944939304757745,0.010388564926389666,0.03688210881539617
ett_daily,volatility,167,0.1713406803762401,0.16966070713780515,0.023573857324534615,0.03688210881539617
ett_daily,volatility,168,0.1776916621775764,0.16989592496947434,0.01236052046662844,0.03688210881539617
ett_daily,volatility,169,0.18101056485376815,0.17014854039968702,0.01220842005943654,0.03688210881539617
ett_daily,volatility,170,0.17826530927967096,0.17041028467610422,-0.0426325941578841,0.03688210881539617
ett_daily,volatility,171,0.17282487226100096,0.17066376629952051,-5.282250572371949e-05,0.03688210881539617
ett_daily,volatility,172,0.16873202596461734,0.1709016693759533,-0.006629983498320449,0.03688210881539617
ett_daily,volatility,173,0.1703664402379511,0.17112812993859622,0.04854473382712045,0.03688210881539618
ett_daily,volatility,174,0.1696425707472836,0.17135869087071964,-0.006148571804218733,0.03688210881539617
ett_daily,volatility,175,0.16959249661775933,0.17158699083147055,-0.016472898704464653,0.03688210881539617
ett_daily,volatility,176,0.17396635191055687,0.1718148529494783,0.03802785146413294,0.03688210881539618
ett_daily,volatility,177,0.17800330952278287,0.17205429409781714,-0.008178176385323699,0.03688210881539617
ett_daily,volatility,178,0.17968198337100755,0.17230462029928967,0.0011125816366047586,0.03688210881539617
ett_daily,volatility,179,0.17495960128837165,0.1725593166773584,-0.04872853832733344,0.03688210881539618
ett_daily,volatility,180,0.17326929833088028,0.17280045447944448,0.012234528978663327,0.03688210881539617
ett_daily,volatility,181,0.16888381392881607,0.17303662906318235,0.009826605084443125,0.03688210881539617
ett_daily,volatility,182,0.16483522720732335,0.17326070147969963,0.0028459872978335017,0.03688210881539617
ett_daily,volatility,183,0.16516631033326168,0.17347389027552446,0.030531170052110645,0.036882108815396164
ett_daily,volatility,184,0.16246531433405545,0.17368767308697844,-0.0015539810012620502,0.03688210881539617
ett_daily,volatility,185,0.15706913689027635,0.17389427083718478,-0.010751563146619925,0.03688210881539617
ett_daily,volatility,186,0.15171721902138827,0.17408715081249615,-0.020046607062316892,0.03688210881539617
ett_daily,volatility,187,0.1453546081107853,0.1742669179672887,0.007192201558681413,0.03688210881539617
ett_daily,volatility,188,0.13735176837221522,0.17443176031577698,-0.005879653757197686,0.03688210881539617
ett_daily,volatility,189,0.13406549616164773,0.1745788192465001,0.00020328922922774163,0.03688210881539617
ett_daily,volatility,190,0.13444083886247693,0.1747188101726378,0.02122011738159278,0.03688210881539617
ett_daily,volatility,191,0.1317841024381617,0.17485947304042398,-0.023433208198849066,0.03688210881539617
ett_daily,volatility,192,0.12739861803609742,0.17499452493781886,-0.028189036425924983,0.03688210881539617
ett_daily,volatility,193,0.12233933827288998,0.17512064378500622,0.0047097526365477175,0.03688210881539617
ett_daily,volatility,194,0.11660626314853922,0.17523686417030687,4.558810070517369e-05,0.03688210881539617
ett_daily,volatility,195,0.10784110889904404,0.17534238034548277,-0.01383442601685794,0.03688210881539617
ett_daily,volatility,196,0.09469628480211795,0.17543257931830064,-0.027380073795664497,0.03688210881539618
ett_daily,volatility,197,0.08626802823319443,0.17550209792865074,0.01579312775669677,0.03688210881539617
ett_daily,volatility,198,0.07750287398369919,0.17555977159592887,0.0044955425356590206,0.03688210881539617
ett_daily,volatility,199,0.06903035783988469,0.17560630711281264,-0.022265347435545944,0.03688210881539617
ett_daily,volatility,200,0.056851967209782445,0.17564321557852794,-0.04236427095919478,0.03688210881539617
ett_daily,volatility,201,0.04736875802425311,0.17566824553882476,0.0011166220875302591,0.03688210881539617
ett_daily,volatility,202,0.0399069349221534,0.17568561957597728,0.002891997622844905,0.03688210881539617
ett_daily,volatility,203,0.029749930375480824,0.17569794996505217,-0.004567752406836986,0.03688210881539617
ett_daily,volatility,204,0.02498328871795401,0.1757048021367102,0.030058589402081767,0.03688210881539618
ett_daily,volatility,205,0.025943907630144543,0.17570963429442246,0.04318747821261006,0.03688210881539617
ett_daily,volatility,206,0.027915219584049866,0.17571484504462523,0.03216025679248109,0.03688210881539618
ett_daily,volatility,207,0.032918610663099764,0.17572087754944746,0.014498597820025752,0.03688210881539617
ett_daily,volatility,208,0.03724820638100634,0.17572926598080751,0.0061351664215762184,0.03688210881539617
ett_daily,volatility,209,0.03719813225148206,0.17574000550038413,-0.015474032575643802,0.03688210881539617
ett_daily,volatility,210,0.04018013724710222,0.17575071551069743,0.018729433171208343,0.03688210881539617
ett_daily,volatility,211,0.044553992539899806,0.1757632106695466,0.002453592743975349,0.03688210881539617
ett_daily,volatility,212,0.04724335942983932,0.17577857302427038,-0.009281863494060275,0.03688210881539617
ett_daily,volatility,213,0.052291010083780155,0.17579584435355303,0.010157986987392497,0.03688210881539617
ett_daily,volatility,214,0.06037073986286546,0.17581700119417493,0.017176435178848516,0.03688210881539617
ett_daily,volatility,215,0.069080005428203,0.1758451972781346,-0.003351800103270018,0.03688210881539617
ett_daily,volatility,216,0.07711547563239733,0.1758821086448264,-0.011346967950891402,0.03688210881539617
ett_daily,volatility,217,0.07672850382230144,0.17592809575678608,-0.06561777164808202,0.036882108815396164
ett_daily,volatility,218,0.08375328098478096,0.17597361065459088,0.03775245573830208,0.03688210881539617
ett_daily,volatility,219,0.09347323959183328,0.17602782581013274,0.030716949178912233,0.03688210881539617
ett_daily,volatility,220,0.1008349144348844,0.17609533167212937,-0.013247904094046426,0.03688210881539617
ett_daily,volatility,221,0.10381691943050463,0.17617385680765588,-0.03343227329747515,0.03688210881539617
ett_daily,volatility,222,0.10280041183415646,0.1762570568917483,-0.04743332280157451,0.03688210881539617
ett_daily,volatility,223,0.10279459727952307,0.17633859755483483,-0.013722856993901671,0.03688210881539617
ett_daily,volatility,224,0.09773531751631562,0.17642009131267242,-0.030045492917392867,0.03688210881539617
ett_daily,volatility,225,0.08762257254453402,0.17649372827704002,-0.05072744647988008,0.03688210881539617
ett_daily,volatility,226,0.07279326004474987,0.1765528928079162,-0.03621879096355644,0.03688210881539617
ett_daily,volatility,227,0.05863774290610892,0.17659371429171658,0.0012351788003595167,0.03688210881539617
ett_daily,volatility,228,0.043134635045181564,0.17662019796211795,-0.02703577757358461,0.03688210881539617
ett_daily,volatility,229,0.02864222022596902,0.17663452728805426,-0.0072453627278017355,0.03688210881539617
ett_daily,volatility,230,0.013139112365041642,0.17664084502416802,-0.016727531525864505,0.03688210881539617
ett_daily,volatility,231,-0.002363995495885746,0.17664217447039288,-0.01250867440697503,0.03688210881539617
ett_daily,volatility,232,-0.017867103356813102,0.17664221750623685,-0.023004355834717615,0.03688210881539617
ett_daily,volatility,233,-0.035054699620598505,0.1766446758479988,-0.021596698829410572,0.03688210881539617
ett_daily,volatility,234,-0.05796955645410128,0.1766541384768328,-0.046310123272374104,0.036882108815396164
ett_daily,volatility,235,-0.07107012097613644,0.17668001320666152,0.029571958379190473,0.03688210881539617
ett_daily,volatility,236,-0.08383378781759998,0.17671889715779043,-0.008882630875183322,0.03688210881539617
ett_daily,volatility,237,-0.09524986393677708,0.17677298756059373,0.0010967950578968082,0.03688210881539617
ett_daily,volatility,238,-0.10868732613938382,0.17684278806830517,-0.005497172565785309,0.03688210881539617
ett_daily,volatility,239,-0.12005914268366998,0.1769336308476614,0.024039520182670752,0.03688210881539617
ett_daily,volatility,240,-0.12507416287198644,0.1770444144885887,0.03312136376590014,0.03688210881539617
ett_daily,volatility,241,-0.13181793103805198,0.17716456818177256,-0.0050504224301674205,0.03688210881539617
ett_daily,volatility,242,-0.1368772108012595,0.1772979326598758,-0.008424582837104282,0.03688210881539617
ett_daily,volatility,243,-0.1426102859256102,0.17744161856455337,-0.02595779855928476,0.036882108815396164
ett_daily,volatility,244,-0.14425632930821064,0.1775974614666469,0.0015632403311970989,0.03688210881539617
ett_daily,volatility,245,-0.1435440889268098,0.17775678126002148,-0.0029171097063453353,0.03688210881539617
ett_daily,volatility,246,-0.14249495086483732,0.17791439114248875,0.011527582438274732,0.03688210881539617
ett_daily,volatility,247,-0.14250076541947065,0.17806956909132288,-0.027097900802961657,0.03688210881539617
ett_daily,volatility,248,-0.13909334359349695,0.17822462457660643,0.025945535908526867,0.03688210881539617
ett_daily,volatility,249,-0.1366966148092381,0.17837222808271028,-0.005883818947173481,0.03688210881539617
ett_daily,volatility,250,-0.13867955587241013,0.1785146728161221,-0.03282457579882606,0.03688210881539617
ett_daily,volatility,251,-0.1409993946161538,0.17866116157573536,-0.012995021188794417,0.03688210881539617
ett_daily,volatility,252,-0.14268969757364516,0.17881246612067617,-0.023051995633319257,0.03688210881539617
ett_daily,volatility,253,-0.13595755851684632,0.17896728750973145,0.06087352338801852,0.036882108815396164
ett_daily,volatility,254,-0.1309541674377964,0.1791077285957959,-0.017445868008469777,0.03688210881539617
ett_daily,volatility,255,-0.1303304462061775,0.17923792470084687,-0.011984134329803785,0.03688210881539617
ett_daily,volatility,256,-0.13004362265513023,0.17936679037617814,-0.013180994685641876,0.03688210881539617
ett_daily,volatility,257,-0.1273985153400817,0.17949499756784443,-0.012698759231358978,0.03688210881539617
ett_daily,volatility,258,-0.1274485894696059,0.17961795623532228,-0.012571066451185423,0.03688210881539617
ett_daily,volatility,259,-0.1288462543214167,0.17974092736608355,0.00011526777086246561,0.03688210881539617
ett_daily,volatility,260,-0.12923322613151256,0.17986652353702814,0.013633957865906543,0.03688210881539617
ett_daily,volatility,261,-0.12860950489989367,0.17999278683070324,-0.016033084098669614,0.03688210881539617
ett_daily,volatility,262,-0.13106212236831014,0.18011774705399664,-0.03111206248412117,0.03688210881539618
ett_daily,volatility,263,-0.13115645607272544,0.1802474270726679,0.0027891800628814115,0.03688210881539617
ett_daily,volatility,264,-0.12952204179939167,0.18037720040300564,-3.4138140509930186e-05,0.03688210881539617
ett_daily,volatility,265,-0.12451865072034181,0.18050366966617518,0.021961832004163562,0.03688210881539617
ett_daily,volatility,266,-0.1185045665995771,0.18062047798345224,0.011456635569419353,0.03688210881539617
ett_daily,volatility,267,-0.11484876624281377,0.18072621025901991,-0.013755112776182465,0.03688210881539617
ett_daily,volatility,268,-0.11119296588605034,0.18082546328987303,-0.0049609732856460715,0.03688210881539617
ett_daily,volatility,269,-0.10551577944585723,0.18091844871551216,0.004675105959378285,0.03688210881539617
ett_daily,volatility,270,-0.10287067213080867,0.18100214053657496,-0.03774947244666451,0.03688210881539617
ett_daily,volatility,271,-0.09887797409347367,0.18108165306308044,0.006884674405168607,0.03688210881539617
ett_daily,volatility,272,-0.09421148069499541,0.18115508214758397,0.01436061239978352,0.03688210881539617
ett_daily,volatility,273,-0.09459845250509133,0.1812217181228721,-0.013236013308058183,0.03688210881539617
ett_daily,volatility,274,-0.0952780624208679,0.1812888778378153,-0.004937559261982822,0.03688210881539617
ett_daily,volatility,275,-0.09523961740061028,0.1813569805796072,-0.007897583271416047,0.03688210881539617
ett_daily,volatility,276,-0.09048460485235013,0.18142500283985608,0.0527781932956662,0.03688210881539618
ett_daily,volatility,277,-0.08539269462351838,0.18148638049360222,0.021149940799417986,0.03688210881539617
ett_daily,volatility,278,-0.08232217047811627,0.1815410271390488,-0.017344560667879157,0.03688210881539617
ett_daily,volatility,279,-0.0786221105464619,0.1815917997619479,0.010405825133570131,0.03688210881539617
ett_daily,volatility,280,-0.07896482278166682,0.18163809851474497,-0.012275138947843602,0.03688210881539617
ett_daily,volatility,281,-0.0789706373363002,0.1816847898245711,0.0028559432713145027,0.03688210881539617
ett_daily,volatility,282,-0.07729196348807546,0.18173147601205397,-0.01627932850901394,0.03688210881539617
ett_daily,volatility,283,-0.08407999122903195,0.18177618723970404,-0.0535706837481228,0.03688210881539617
ett_daily,volatility,284,-0.09322630273398969,0.18182908248457053,-0.008289124798883956,0.03688210881539617
ett_daily,volatility,285,-0.10102502351666102,0.18189409057900938,0.009266705046995493,0.03688210881539617
ett_daily,volatility,286,-0.10814994893818909,0.18197040027623798,-0.0032210394882667224,0.03688210881539617
ett_daily,volatility,287,-0.11228705480946369,0.18205781389058112,0.02589205370186486,0.03688210881539617
ett_daily,volatility,288,-0.11103379779159248,0.1821519961765972,0.061210164291312895,0.03688210881539617
ett_daily,volatility,289,-0.11146502917657937,0.18224404075854092,-0.0114451086332262,0.03688210881539617
ett_daily,volatility,290,-0.10650589767242045,0.18233675468314478,0.01812691243886964,0.03688210881539617
ett_daily,volatility,291,-0.09683019864025905,0.1824213612038511,0.0348006447455305,0.03688210881539617
ett_daily,volatility,292,-0.09220796481667176,0.18249126395067367,-0.01027626693110488,0.03688210881539617
ett_daily,volatility,293,-0.08522744722908322,0.1825546291625727,-0.016723219649316,0.03688210881539617
ett_daily,volatility,294,-0.0792576226832095,0.18260874610279357,-0.027037551337616796,0.03688210881539617
ett_daily,volatility,295,-0.07295090045676421,0.18265553430567347,0.003335554929891338,0.03688210881539617
ett_daily,volatility,296,-0.06866556431374853,0.18269516328238228,-0.0006958179449512795,0.03688210881539617
ett_daily,volatility,297,-0.06505402353187607,0.18273026599727005,0.006779759409144458,0.03688210881539617
ett_daily,volatility,298,-0.06043178970828879,0.18276176754521145,-0.002936560409700373,0.03688210881539617
ett_daily,volatility,299,-0.05778668239324022,0.18278894725156195,-0.022620958277965772,0.03688210881539617
ett_daily,volatility,300,-0.04907741682790269,0.18281379617413976,0.027602932534974707,0.03688210881539617
